session_id,participant_id,status,started_datetime,completed_date_time,time_taken,age,num_approvals,num_rejections,prolific_score,reviewed_at_datetime,entered_code,Country of Birth,Current Country of Residence,Employment Status,First Language,Fluent languages,Nationality,Sex,Student Status
5ebc0a0e19cd2404319c87c3,5ea5cf7a485d2e5c73bf2503,APPROVED,2020-05-13 14:54:08.006000,2020-05-13 15:03:01.016000,533.01,20,6,0,100,2020-05-17 00:56:34.323000,74334259,United States,United States,Part-Time,English,English,United States,Female,Yes
5ebc0cf06919180554b67adb,5d9a09095223b6001809f1c9,APPROVED,2020-05-13 15:06:27.069000,2020-05-13 15:13:32.327000,425.258,20,240,2,99,2020-05-17 00:56:35.378000,74334259,United States,United States,Other,English,English,United States,Male,Yes
5ebc0e3f8650cf0009e86bf1,5cfbcc1fa7f8940019cd8704,APPROVED,2020-05-13 15:12:05.256000,2020-05-13 15:18:25.885000,380.629,19,74,0,100,2020-05-17 00:56:36.528000,74334259,United States,United States,Part-Time,English,English,United States,Male,Yes
5ebc0e8fea22c8000a6d2072,5ea08738ba7e69065a69c3f8,APPROVED,2020-05-13 15:13:38.025000,2020-05-13 15:23:19.430000,581.405,26,64,0,100,2020-05-17 00:56:37.524000,74334259,United States,United States,Full-Time,English,English,United States,Female,Yes
5ebc100826ce6a00084ca340,5eae55b5ea7260520315f02b,APPROVED,2020-05-13 15:19:38.079000,2020-05-13 15:32:33.884000,775.805,19,15,0,100,2020-05-17 00:56:38.714000,74334259,United States,United States,Unemployed (and job seeking),English,"Russian, English",United States,Male,Yes
5ebc102d2a7946000d5c96be,5c17294778ee390001ab19e5,APPROVED,2020-05-13 15:20:45.128000,2020-05-13 15:28:27.849000,462.721,23,195,1,100,2020-05-17 00:56:39.701000,74334259,United States,United States,Other,English,English,United States,Male,Yes
5ebc1053790e95000c0f526c,5ce649e53e496100197ae3db,APPROVED,2020-05-13 15:20:56.768000,2020-05-13 15:30:42.203000,585.435,19,99,2,98,2020-05-17 00:56:40.685000,74334259,United States,United States,Other,Vietnamese,English,United States,Female,Yes
5ebc106286427e0009db3015,5ddaa1e583e309a04100bd57,APPROVED,2020-05-13 15:21:11.017000,2020-05-13 15:29:24.161000,493.144,20,57,1,99,2020-05-17 00:56:41.796000,74334259,United States,United States,Unemployed (and job seeking),English,English,United States,Female,Yes
5ebc106886ebff000b211024,5eb0745480b12a11c526ffc8,APPROVED,2020-05-13 15:21:24.183000,2020-05-13 15:31:19.757000,595.574,29,25,1,96,2020-05-17 00:56:42.764000,74334259,United States,United States,Full-Time,English,English,United States,Female,Yes
5ebc109512a15200095dcee6,5eb94f115b6de201bac4a76d,APPROVED,2020-05-13 15:21:57.322000,2020-05-13 15:31:10.309000,552.987,,16,1,96,2020-05-17 00:56:43.981000,74334259,Greece,Greece,Unemployed (and job seeking),Greek,"Greek, French, English",United States,Male,Yes
5ebc11705a34ae000996e1dc,5ba85df9c38467000173d11a,APPROVED,2020-05-13 15:25:39.403000,2020-05-13 15:31:59.911000,380.508,21,169,1,100,2020-05-17 00:56:44.979000,74334259,United States,United States,Part-Time,English,English,United States,Male,Yes
5ebc11b3b02dcb000941180c,5ea7c40f80fdc01ad1d14ddf,APPROVED,2020-05-13 15:26:50.585000,2020-05-13 15:33:51.656000,421.071,21,15,0,100,2020-05-17 00:56:46.075000,74334259,United States,United States,Unemployed (and job seeking),English,English,United States,Female,Yes
5ebc120626ce6a00084ca34b,5e7913d548988f0c5bd98567,APPROVED,2020-05-13 15:28:48.313000,2020-05-13 15:34:10.905000,322.592,18,58,0,100,2020-05-17 00:56:47.431000,74334259,United States,United States,Unemployed (and job seeking),English,English,United States,Male,Yes
5ebc121871319a00097269a8,5d9e9a41890596001b6e68e6,APPROVED,2020-05-13 15:28:24.507000,2020-05-13 15:37:46.963000,562.456,27,257,0,100,2020-05-17 00:56:48.385000,74334259,United States,United States,Full-Time,English,English,United States,Female,Yes
5ebc1293ca59b00009289ae1,5e98752d6bebcf0852590d7b,APPROVED,2020-05-13 15:30:48.340000,2020-05-13 15:37:28.134000,399.794,19,66,0,100,2020-05-17 00:56:49.383000,74334259,United States,United States,"Not in paid work (e.g. homemaker', 'retired or disabled)",Spanish,"English, Spanish",United States,Female,Yes
5ebc12ad2114a9000a4074b6,5e3b0059e8f21231ec2f26d3,APPROVED,2020-05-13 15:30:54.971000,2020-05-13 15:36:26.020000,331.049,21,138,0,100,2020-05-17 00:56:50.350000,74334259,United States,United States,Due to start a new job within the next month,English,English,United States,Female,Yes
5ebc12b64ae5db000beb324f,5b7f280ef366a80001263ec3,APPROVED,2020-05-13 15:31:43.496000,2020-05-13 15:38:03.048000,379.552,21,207,2,100,2020-05-17 00:56:51.460000,74334259,United States,United States,"Not in paid work (e.g. homemaker', 'retired or disabled)",English,English,United States,Female,Yes
5ebc12b727c2a50009827408,5e8f4916b8bfe108653ccd81,APPROVED,2020-05-13 15:31:06.687000,2020-05-13 15:36:28.950000,322.263,19,66,3,92,2020-05-17 00:56:52.452000,74334259,United States,United States,Unemployed (and job seeking),English,English,United States,Male,Yes
5ebc12ea86ebff0008bb2229,5c54ee47d3cc6b0001d9842b,APPROVED,2020-05-13 15:31:58.145000,2020-05-13 15:40:45.029000,526.884,19,84,0,100,2020-05-17 00:56:53.472000,74334259,United States,United States,Unemployed (and job seeking),English,English,United States,Female,Yes
5ebc130d7183ba0009071652,5df18b726f6c630ae1fbcf0b,APPROVED,2020-05-13 15:32:51.705000,2020-05-13 15:42:46.964000,595.259,31,114,3,97,2020-05-17 00:56:54.452000,74334259,United States,United States,Part-Time,English,English,United States,Male,Yes
5ebc1328d8279e000997619b,5e3b850d32667b3a17a6ea50,APPROVED,2020-05-13 15:32:58.549000,2020-05-13 15:41:44.188000,525.639,20,72,0,100,2020-05-17 00:56:55.549000,74334259,United States,United States,DATA EXPIRED,English,English,United States,Male,Yes
5ebc132ce8093f000c31455c,5ab16619c42b630001cd37d5,APPROVED,2020-05-13 15:33:06.416000,2020-05-13 15:38:48.459000,342.043,20,432,0,100,2020-05-17 00:56:56.597000,74334259,United States,United States,Full-Time,English,English,United States,Male,Yes
5ebc134e19c7470008ed89c4,5e45ebd018bf820d2cb9ebab,APPROVED,2020-05-13 15:33:44.359000,2020-05-13 15:38:44.229000,299.87,37,132,0,100,2020-05-17 00:56:57.584000,74334259,United States,United States,Full-Time,English,English,United States,Female,Yes
5ebc137d55e67d000ba587b3,5bcb6b6d0f10750001d79240,APPROVED,2020-05-13 15:35:45.232000,2020-05-13 15:50:02.913000,857.681,21,562,3,100,2020-05-17 00:56:58.545000,74334259,United States,United States,Other,English,English,United States,Female,No
5ebc13879ee642000a643d85,5e6ad51f6a8a7a08fbc77e22,APPROVED,2020-05-13 15:34:34.321000,2020-05-13 15:42:43.570000,489.249,19,53,1,100,2020-05-17 00:56:59.513000,74334259,United States,United States,Unemployed (and job seeking),English,English,United States,Female,Yes
5ebc13931e11f0000cd743e4,5d460ce9ba790b0001dd488c,APPROVED,2020-05-13 15:34:45.581000,2020-05-13 15:39:27.123000,281.542,34,185,2,99,2020-05-17 00:57:00.622000,74334259,United States,United States,Full-Time,English,English,United States,Female,Yes
5ebc13b2e767ac00090efcff,5a08c9a7f2e3460001edb063,APPROVED,2020-05-13 15:35:17.955000,2020-05-13 15:41:09.777000,351.822,23,141,0,100,2020-05-17 00:57:01.624000,74334259,United States,United States,Part-Time,English,"English, Spanish",United States,Female,Yes
5ebc13b653083600093d502b,5ea2108f9b5ea6120aa37230,APPROVED,2020-05-13 15:35:23.043000,2020-05-13 15:42:53.279000,450.236,20,20,0,100,2020-05-17 00:57:02.607000,74334259,United States,United States,Other,English,"Italian, English",United States,Male,Yes
5ebc13ccfed5c60124b8a79e,5ebae4db41cc8b074438db70,APPROVED,2020-05-13 15:35:51.232000,2020-05-13 15:45:51.222000,599.99,18,22,0,100,2020-05-17 00:57:03.622000,74334259,United States,United States,Unemployed (and job seeking),English,English,United States,Female,Yes
5ebc13d1daa4d0000bd5dccf,5e0ad04c2e472534c6b6e2c7,APPROVED,2020-05-13 15:35:50.535000,2020-05-13 15:47:46.341000,715.806,19,43,0,100,2020-05-17 00:57:04.577000,74334259,United States,United States,,Korean,"English, Korean, Spanish",United States,Male,Yes
5ebc13d73d396b000aff3f76,5ebb26803576b50eb12d87d9,APPROVED,2020-05-13 15:35:55.585000,2020-05-13 15:44:23.183000,507.598,24,32,0,100,2020-05-17 00:57:05.678000,74334259,United States,United States,Part-Time,English,English,United States,Female,Yes
5ebc13e9f032f8000ab552ed,5d4dc0d7b881130016424acf,APPROVED,2020-05-13 15:36:12.923000,2020-05-13 15:44:44.193000,511.27,19,217,1,100,2020-05-17 00:57:06.694000,74334259,United States,United States,Part-Time,English,English,United States,Female,Yes
5ebc14239b83c5000a37d9a0,5ea755615ef67613aaaf62cd,APPROVED,2020-05-13 15:41:50.637000,2020-05-13 15:58:41.961000,1011.324,20,66,0,100,2020-05-17 00:57:07.666000,74334259,United States,United States,"Not in paid work (e.g. homemaker', 'retired or disabled)",Vietnamese,English,United States,Male,Yes
5ebc143f27b447000a1e7b03,5e160795265c80bf44a4cd83,APPROVED,2020-05-13 15:38:05.163000,2020-05-13 15:59:54.863000,1309.7,35,162,2,99,2020-05-17 00:57:08.618000,74334259,Nigeria,United States,Full-Time,English,English,United States,Female,Yes
5ebc1469f2f9e10008ca74e8,5e7995061a79d455837f95e1,APPROVED,2020-05-13 15:38:34.729000,2020-05-13 15:45:57.025000,442.296,19,98,0,100,2020-05-17 00:57:09.712000,74334259,United States,United States,Unemployed (and job seeking),English,English,United States,Male,Yes
5ebc146fe0ad1c00081bb0db,5ea6a0131b8dc301238698bd,APPROVED,2020-05-13 15:38:32.460000,2020-05-13 15:44:43.190000,370.73,21,39,0,100,2020-05-17 00:57:10.699000,74334259,Malaysia,United States,Full-Time,English,English,United States,Male,Yes
5ebc1486add903000a8132de,5ea201c4e863490fe56bd385,APPROVED,2020-05-13 15:38:49.582000,2020-05-13 15:49:29.297000,639.715,28,45,0,100,2020-05-17 00:57:11.678000,74334259,United States,United States,Full-Time,English,English,United States,Female,Yes
5ebc15090a5e670129bbc433,5ebb48fa86aba5115f8f33c9,APPROVED,2020-05-13 15:41:18.624000,2020-05-13 15:52:34.333000,675.709,28,34,0,100,2020-05-17 00:57:12.650000,74334259,United States,United States,Unemployed (and job seeking),English,English,United States,Female,Yes
5ebc150cfcb8b1017f032cd4,5e755903a504390ca964c846,APPROVED,2020-05-13 15:41:03.309000,2020-05-13 15:47:10.854000,367.545,22,83,0,100,2020-05-17 00:57:13.702000,74334259,United States,United States,Unemployed (and job seeking),English,English,United States,Male,Yes
5ebc156b481a3b018c1334ac,5ead1b23eb3ceb3a05e18154,APPROVED,2020-05-13 15:43:13.445000,2020-05-13 15:57:36.718000,863.273,18,24,0,100,2020-05-17 00:57:14.800000,74334259,United States,United States,Other,English,English,United States,Male,Yes
5ebc157e4ad7b00179a2442e,5ebaf9c3d131ca09d7a08a47,APPROVED,2020-05-13 15:43:01.877000,2020-05-13 15:50:49.051000,467.174,19,30,0,100,2020-05-17 00:57:15.778000,74334259,United States,United States,Part-Time,English,English,United States,Female,Yes
5ebc15842a79460190940f07,5d8c46cc53b833001a4bf916,APPROVED,2020-05-13 15:43:03.098000,2020-05-13 15:50:59.915000,476.817,19,189,0,100,2020-05-17 00:57:16.747000,74334259,United States,United States,Other,English,English,United States,Female,Yes
5ebc158ac30d2601968e2dd2,5da5f72c002c29001335b57d,APPROVED,2020-05-13 15:43:16.092000,2020-05-13 15:51:38.483000,502.391,29,181,1,100,2020-05-17 00:57:17.719000,74334259,United States,United Kingdom,Part-Time,English,English,United States,Male,Yes
5ebc159075d1e7013d7b4737,5eab4e0b67ba8f11a83e6494,APPROVED,2020-05-13 15:43:16.989000,2020-05-13 15:54:01.633000,644.644,18,33,1,99,2020-05-17 00:57:18.820000,74334259,United States,United States,Unemployed (and job seeking),English,English,United States,Male,Yes
5ebc15965ac76b00086aba5b,5e8de83c1b700806403cf0df,APPROVED,2020-05-13 15:43:19.983000,2020-05-13 15:52:52.564000,572.581,21,47,1,99,2020-05-17 00:57:19.773000,74334259,United States,United States,Unemployed (and job seeking),English,English,United States,Male,Yes
5ebc15a04d8f6301255f06e9,5d6943fc90cade0016695e9b,APPROVED,2020-05-13 15:43:28.823000,2020-05-13 16:05:56.811000,1347.988,19,453,1,100,2020-05-17 00:57:20.743000,74334259,United States,United States,Other,English,English,United States,Male,Yes
5ebc15a839eaba0009243891,5e7e4927e654af0a6b5864b1,APPROVED,2020-05-13 15:43:39.307000,2020-05-13 15:53:52.881000,613.574,18,126,0,100,2020-05-17 00:57:21.700000,74334259,United States,United States,Other,Spanish,"English, Spanish",United States,Male,Yes
5ebc15b4e1e32e01298e84a6,59d6c6273e5ea00001e1cf4e,APPROVED,2020-05-13 15:43:54.678000,2020-05-13 15:52:35.430000,520.752,30,799,0,100,2020-05-17 00:57:22.611000,74334259,United States,United States,Part-Time,English,English,United States,Female,Yes
5ebc15bd996d200128b8acff,5ebae1553421dc07a5fc6673,APPROVED,2020-05-13 15:43:57.171000,2020-05-13 15:54:46.170000,648.999,19,30,1,99,2020-05-17 00:57:23.723000,74334259,United States,Poland,Unemployed (and job seeking),English,"Polish, English",United States,Male,Yes
5ebc15c246e712012ca8aad0,5e2504acb510aa77adb31478,APPROVED,2020-05-13 15:44:05.885000,2020-05-13 15:50:49.856000,403.971,41,199,4,97,2020-05-17 00:57:24.712000,74334259,United States,United States,Full-Time,English,English,United States,Male,Yes
5ebc15da59c451000a6bfbe1,5dcf4d27b039ab08c04d2740,APPROVED,2020-05-13 15:44:26.260000,2020-05-13 15:48:55.157000,268.897,21,197,0,100,2020-05-17 00:57:25.671000,74334259,United States,United States,Part-Time,English,English,United States,Female,Yes
5ebc15dd2a79460190940f09,5c32307c70d93a000123381d,APPROVED,2020-05-13 15:44:29.447000,2020-05-13 15:48:11.524000,222.077,21,300,3,99,2020-05-17 00:57:26.637000,74334259,United States,Poland,Due to start a new job within the next month,Polish,"Polish, English",United States,Male,Yes
5ebc15e822c4740135362b5e,5e9baa3e02bbdc0b4c1796d9,APPROVED,2020-05-13 15:44:42.740000,2020-05-13 16:00:04.226000,921.486,20,29,0,100,2020-05-17 00:57:27.835000,74334259,United States,United States,Part-Time,English,English,United States,Female,Yes
5ebc15f56777a2012161d024,5d1686aadb7eb70001f1a65a,RETURNED,2020-05-13 15:49:18.166000,,1222992.426361,34,361,0,100,,,CONSENT REVOKED,CONSENT REVOKED,CONSENT REVOKED,CONSENT REVOKED,CONSENT REVOKED,CONSENT REVOKED,CONSENT REVOKED,CONSENT REVOKED
5ebc160a1ac873018bdbdab1,5dd9fb959dac7c9892492099,APPROVED,2020-05-13 15:45:24.319000,2020-05-13 15:53:12.099000,467.78,19,105,1,100,2020-05-17 00:57:29.062000,74334259,United States,United States,Unemployed (and job seeking),English,English,United States,Male,Yes
5ebc161dbbef52000bd9a357,5cf130097dd762001553cbe4,APPROVED,2020-05-13 15:45:35.192000,2020-05-13 15:51:11.270000,336.078,21,208,1,100,2020-05-17 00:57:30.221000,74334259,United States,United States,Part-Time,English,English,United States,Male,Yes
5ebc164e61c4a00137a8dd4b,5cdae588cc071e001a1cbbf0,APPROVED,2020-05-13 15:46:24.640000,2020-05-13 15:55:06.187000,521.547,24,116,0,100,2020-05-17 00:57:31.325000,74334259,United States,United States,Full-Time,English,English,United States,Male,Yes
5ebc16696777a201742bb5b8,5e70f95a7b8fa90009292b14,APPROVED,2020-05-13 15:46:52.618000,2020-05-13 15:54:32.821000,460.203,25,116,0,100,2020-05-17 00:57:32.426000,74334259,United States,United States,Part-Time,English,English,United States,Female,Yes
5ebc1675208e1a000bd0da08,5e8a481d0a340d6f239a2fb8,APPROVED,2020-05-13 15:47:01.903000,2020-05-13 15:55:12.301000,490.398,18,55,0,100,2020-05-17 00:57:33.559000,74334259,United States,Poland,Unemployed (and job seeking),English,"Polish, English",United States,Male,Yes
5ebc16a12114a9000858c872,5eafc593ea86b06dc1628d88,APPROVED,2020-05-13 15:47:45.442000,2020-05-13 15:53:20.163000,334.721,18,55,0,100,2020-05-17 00:57:34.608000,74334259,United States,United States,Other,English,English,United States,Male,Yes
5ebc176012be9b018fb86122,5e149635ac9e16ab48f85941,APPROVED,2020-05-13 15:50:56.856000,2020-05-13 15:58:57.487000,480.631,23,165,1,100,2020-05-17 00:57:35.573000,74334259,United States,United States,Due to start a new job within the next month,English,English,United States,Female,Yes
5ebc56ce8febde079f172a7d,5e7f9fd137169a6887857505,APPROVED,2020-05-13 20:21:34.480000,2020-05-13 20:30:53.354000,558.874,22,89,0,100,2020-05-17 00:57:36.577000,74334259,United States,Chile,Unemployed (and job seeking),Spanish,English,United States,Male,Yes
5ebc56d6e4944708e34fbf24,5eacb9950c7a9532645a3dca,APPROVED,2020-05-13 20:21:44.804000,2020-05-13 20:27:57.811000,373.007,20,11,0,100,2020-05-17 00:57:37.536000,74334259,United States,United States,Unemployed (and job seeking),English,English,United States,Male,Yes
5ebc56d75fdbbc0766eab3ed,5e6aa40bd6d43306673a4879,APPROVED,2020-05-13 20:21:50.688000,2020-05-13 20:33:01.409000,670.721,20,123,0,100,2020-05-17 00:57:38.622000,74334259,United States,United States,Part-Time,English,English,United States,Female,Yes
5ebc56e41f07a107857b08b1,5e520fe5fe2087237b1b8cd1,APPROVED,2020-05-13 20:22:02.051000,2020-05-13 20:27:31.460000,329.409,22,103,2,98,2020-05-17 00:57:39.579000,74334259,United States,United States,Unemployed (and job seeking),English,"Spanish, English",United States,Female,Yes
5ebc56e91a9a7508cdf6ed24,5cf5a8b77ce3400001c0bbf3,APPROVED,2020-05-13 20:22:13.427000,2020-05-13 20:28:56.299000,402.872,18,377,3,99,2020-05-17 00:57:40.538000,74334259,United States,United States,Other,English,English,United States,Male,Yes
5ebc56eed4391708ac75c091,5deb1fc973f2e923afb6891e,APPROVED,2020-05-13 20:22:11.610000,2020-05-13 20:45:24.364000,1392.754,26,74,0,100,2020-05-17 00:57:41.497000,74334259,United States,United States,DATA EXPIRED,English,English,United States,Male,Yes
5ebc56f18f4b8108db44b849,5e6855fa0d86991013cbcb04,APPROVED,2020-05-13 20:22:11.845000,2020-05-13 20:27:27.988000,316.143,19,110,1,100,2020-05-17 00:57:42.579000,74334259,United States,United States,Part-Time,English,English,United States,Female,Yes
5ebc56fb0ace95069c999a23,5ddd6b49229f03000adf252a,APPROVED,2020-05-13 20:22:19.639000,2020-05-13 20:27:29.831000,310.192,18,181,0,100,2020-05-17 00:57:43.583000,74334259,United States,United States,Other,English,English,United States,Male,Yes
5ebc570492db8108b5c788e4,5ea0be946ee66d0bc472a0d6,APPROVED,2020-05-13 20:22:32.077000,2020-05-13 20:29:41.081000,429.004,18,69,0,100,2020-05-17 00:57:44.503000,74334259,United States,United States,Part-Time,English,"Chinese, English, Spanish",United States,Female,Yes
5ebc5706e6ee6807d2e710ca,5e25f5b6895d6804ffe7aaea,APPROVED,2020-05-13 20:22:33.532000,2020-05-13 20:32:33.768000,600.236,22,173,5,95,2020-05-17 00:57:45.445000,74334259,United States,United States,Part-Time,English,English,United States,Male,Yes
5ebc570dcf44f008937eb605,5bfcb5e3aa5fa30001364404,APPROVED,2020-05-13 20:22:37.026000,2020-05-13 20:25:44.269000,187.243,21,416,2,100,2020-05-17 00:57:46.444000,74334259,United States,United States,DATA EXPIRED,Chinese,"Chinese, English",United States,Female,Yes
5ebc571fefcaa6073a78f0f7,5e674b0380e3a54c79a6fb09,APPROVED,2020-05-13 20:22:58.082000,2020-05-13 20:28:30.379000,332.297,23,75,0,100,2020-05-17 00:57:47.521000,74334259,United States,United States,Other,English,English,United States,Female,Yes
5ebc57205ac76b08f7af0ae0,5bf2b21f7c13eb0001fd6b49,APPROVED,2020-05-13 20:22:56.227000,2020-05-13 20:28:27.986000,331.759,23,355,0,100,2020-05-17 00:57:48.556000,74334259,United States,Poland,Other,English,English,United States,Male,Yes
5ebc57270b26af091bd6ec97,5eabb065bdd63d19a679b364,APPROVED,2020-05-13 20:23:07.166000,2020-05-13 20:32:39.692000,572.526,21,22,0,100,2020-05-17 00:57:49.520000,74334259,United States,United States,Part-Time,English,English,United States,Female,Yes
5ebc572c35f69708c0e51439,5eab10974f192c0ae43b5a82,APPROVED,2020-05-13 20:23:09.416000,2020-05-13 20:32:54.991000,585.575,18,42,2,95,2020-05-17 00:57:50.523000,74334259,Estonia,Estonia,Full-Time,Estonian,"Estonian, English",United States,Male,Yes
5ebc572e9b83c50906b4f5f8,59dcea883e4b5a00016a991d,RETURNED,2020-05-13 20:23:12.093000,,1206559.094104,22,506,4,99,,,CONSENT REVOKED,CONSENT REVOKED,CONSENT REVOKED,CONSENT REVOKED,CONSENT REVOKED,CONSENT REVOKED,CONSENT REVOKED,CONSENT REVOKED
5ebc57382526c0096ed67292,5d6d95547481f10019db1f28,APPROVED,2020-05-13 20:23:22.356000,2020-05-13 20:35:47.725000,745.369,20,246,0,100,2020-05-17 00:57:51.622000,74334259,United States,United States,Unemployed (and job seeking),English,English,United States,Female,Yes
5ebc573ae07d9b0909173574,5eac6e70e481222bfb2a8872,APPROVED,2020-05-13 20:23:28.097000,2020-05-13 20:31:58.998000,510.901,19,35,0,100,2020-05-17 00:57:52.688000,74334259,United States,United States,Other,Chinese,"Chinese, English",United States,Male,Yes
5ebc5741115811077463f76e,5eaa230cb27dc919e8590bae,APPROVED,2020-05-13 20:23:29.856000,2020-05-13 21:05:05.468000,2495.612,21,49,0,100,2020-05-17 00:57:53.689000,74334259,United States,United States,Unemployed (and job seeking),English,"English, Urdu",United States,Male,Yes
5ebc574513565208f38e3450,5e279f3eb202039d8b6812d6,APPROVED,2020-05-13 20:23:35.997000,2020-05-13 20:30:22.191000,406.194,21,76,0,100,2020-05-17 00:57:54.665000,74334259,United States,United States,,English,English,United States,Female,Yes
5ebc57488081dc08ce84d217,5d7d25f5e2ecbb0017c9f4cd,APPROVED,2020-05-13 20:23:36.177000,2020-05-13 20:27:53.151000,256.974,21,212,0,100,2020-05-17 00:57:55.660000,74334259,United States,United States,Due to start a new job within the next month,English,English,United States,Female,Yes
5ebc57488febde071cc782bb,5cf478481aef150001318a67,APPROVED,2020-05-13 20:23:36.776000,2020-05-13 20:28:07.990000,271.214,20,399,0,100,2020-05-17 00:57:56.807000,74334259,United States,United States,Part-Time,English,English,United States,Male,Yes
5ebc574c3d49e009718f5df9,5e35f7825aa7005b5c3da260,APPROVED,2020-05-13 20:23:52.026000,2020-05-13 20:32:17.221000,505.195,22,134,1,100,2020-05-17 00:57:57.782000,74334259,United States,United States,Other,English,English,United States,Female,Yes
5ebc574d730e3708a9978bf2,5eba0dc07c0c74150a635d5f,APPROVED,2020-05-13 20:23:43.764000,2020-05-13 20:37:18.752000,814.988,19,13,0,100,2020-05-17 00:57:58.692000,74334259,United States,United States,Unemployed (and job seeking),English,English,United States,Female,Yes
5ebc5756d662f0097adddd3c,5e97984bca82b62676c3293e,APPROVED,2020-05-13 20:23:52.936000,2020-05-13 20:39:09.661000,916.725,21,54,1,99,2020-05-17 00:57:59.655000,74334259,United States,United States,Full-Time,English,English,United States,Male,Yes
5ebc5759c9952a089093588c,5e90c34303a0a90afb2227c6,APPROVED,2020-05-13 20:23:53.517000,2020-05-13 20:44:23.063000,1229.546,22,79,1,100,2020-05-17 00:58:00.749000,74334259,United States,United States,Unemployed (and job seeking),English,English,United States,Male,Yes
5ebc575cd7a178090c522616,5e89e88f80d35267eb33830c,APPROVED,2020-05-13 20:23:59.762000,2020-05-13 20:32:01.111000,481.349,22,79,0,100,2020-05-17 00:58:04.645000,74334259,United States,United States,Part-Time,English,"Spanish, English",United States,Male,Yes
5ebc575c5ac76b08f7af0ae1,5cf031f5135ea3000126aaaa,APPROVED,2020-05-13 20:24:09.306000,2020-05-13 20:30:26.417000,377.111,22,98,4,92,2020-05-17 00:58:01.899000,74334259,United States,United States,Full-Time,English,English,United States,Male,Yes
5ebc575ccbdc28086ad92c99,5eba15915da926159040f442,APPROVED,2020-05-13 20:23:56.657000,2020-05-13 20:34:43.982000,647.325,19,23,0,100,2020-05-17 00:58:03.666000,74334259,United States,United States,Part-Time,English,English,United States,Male,Yes
5ebc575ee76bcd0964b0e5c4,5de982077cd7670b0a591d6b,APPROVED,2020-05-13 20:24:01.267000,2020-05-13 20:29:08.534000,307.267,21,124,0,100,2020-05-17 00:58:06.731000,74334259,United States,United States,Unemployed (and job seeking),English,English,United States,Female,Yes
5ebc575ec380fd08cb4bc998,5d4c7aa8f05d320001760340,APPROVED,2020-05-13 20:24:08.911000,2020-05-13 20:33:29.270000,560.359,26,215,0,100,2020-05-17 00:58:05.621000,74334259,United States,United States,Full-Time,English,English,United States,Female,Yes
5ebc575fd8279e09179ff1cd,5e8b848f1ec9f5063d76857c,APPROVED,2020-05-13 20:24:02.266000,2020-05-13 20:30:28.430000,386.164,28,89,1,100,2020-05-17 00:58:07.672000,74334259,United States,United States,Full-Time,English,English,United States,Male,Yes
5ebc5763ee44e50881b6a39c,5d965bd40bc1550018bf4b11,APPROVED,2020-05-13 20:24:05.882000,2020-05-13 20:31:07.069000,421.187,22,18,1,97,2020-05-17 00:58:08.626000,74334259,United States,,Unemployed (and job seeking),English,English,United States,Male,Yes
5ebc576bf7d1a506e66c8cfa,5e8eb4f68099ec16cd166970,APPROVED,2020-05-13 20:26:12.436000,2020-05-13 20:32:38.900000,386.464,22,75,0,100,2020-05-17 00:58:09.633000,74334259,United States,United States,Unemployed (and job seeking),English,English,United States,Male,Yes
5ebc576d28babf09897f1162,5e70e4309b339b03acc24159,APPROVED,2020-05-13 20:24:59.683000,2020-05-13 20:34:00.699000,541.016,22,123,0,100,2020-05-17 00:58:10.624000,74334259,United States,United States,Other,English,English,United States,Male,Yes
5ebc576e5fdbbc0766eab3ef,5eb9ea44968b651244404aac,APPROVED,2020-05-13 20:24:16.515000,2020-05-13 20:32:03.195000,466.68,23,16,0,100,2020-05-17 00:58:11.725000,74334259,United States,United States,Other,English,English,United States,Female,Yes
5ebc576ea4759708bc70fa4c,5e9fb6286841e91621c43246,APPROVED,2020-05-13 20:25:00.314000,2020-05-13 20:36:57.648000,717.334,19,45,0,100,2020-05-17 00:58:12.762000,74334259,United States,United States,Unemployed (and job seeking),Spanish,"English, Spanish",United States,Male,Yes
5ebc577491408708d9c2bfa4,5eb10e1b6e2f921d6d6567dd,APPROVED,2020-05-13 20:24:26.136000,2020-05-13 20:29:49.687000,323.551,23,52,0,100,2020-05-17 00:58:13.960000,74334259,United States,United States,Unemployed (and job seeking),Chinese,"English, Chinese",United States,Male,Yes
5ebc577e7ddca6072b469be0,5e8a79496a7800724c1df04b,APPROVED,2020-05-13 20:24:34.596000,2020-05-13 20:28:51.039000,256.443,24,79,2,99,2020-05-17 00:58:14.986000,74334259,United States,United States,Part-Time,Spanish,"English, Spanish",United States,Male,Yes
5ebc577ed43917084f2e1521,5eb012678e886005558565a4,APPROVED,2020-05-13 20:24:40.441000,2020-05-13 20:45:17.527000,1237.086,28,52,4,88,2020-05-17 00:58:16.118000,74334259,United States,United States,Part-Time,English,English,United States,Male,Yes
5ebc57845f2c310951369094,5eb5301f97cece03ad0e0263,APPROVED,2020-05-13 20:24:36.528000,2020-05-13 20:37:32.356000,775.828,20,29,0,100,2020-05-17 00:58:17.088000,74334259,United States,Poland,Unemployed (and job seeking),Polish,"Polish, English",United States,Male,Yes
5ebc5785fa287b087a6124e8,5e227637d9563755139daaac,APPROVED,2020-05-13 20:24:49.797000,2020-05-13 20:35:47.885000,658.088,31,123,0,100,2020-05-17 00:58:18.078000,74334259,Uganda,United States,Part-Time,English,"English, Swahili",United States,Female,Yes
5ebc5786979a8008b8744a8e,5cfade55cb76df0019f58d1f,APPROVED,2020-05-13 20:24:40.633000,2020-05-13 20:31:12.315000,391.682,20,126,0,100,2020-05-17 00:58:19.077000,74334259,United States,United States,Unemployed (and job seeking),French,French,United States,Female,Yes
5ebc578796f9ae090e465d5d,5eac4d104476b027d56dab0f,APPROVED,2020-05-13 20:24:50.282000,2020-05-13 20:40:01.370000,911.088,19,26,0,100,2020-05-17 00:58:20.050000,74334259,United States,United States,Unemployed (and job seeking),English,English,United States,Female,Yes
5ebc578b86ebff08561f46d4,5dedebd38b2932497a59e663,APPROVED,2020-05-13 20:24:43.619000,2020-05-13 20:28:26.633000,223.014,19,176,1,100,2020-05-17 00:58:21.208000,74334259,United States,United States,Unemployed (and job seeking),English,English,United States,Male,Yes
5ebc5795dc638f07cd1415bb,5e6e9703f4a83200098bf742,APPROVED,2020-05-13 20:25:12.162000,2020-05-13 20:34:44.697000,572.535,21,18,0,100,2020-05-17 00:58:22.208000,74334259,United States,United States,Part-Time,English,English,United States,Female,Yes
5ebc579aadeb2e080c39a0ab,5b951d4f769db30001b58531,APPROVED,2020-05-13 20:24:58.692000,2020-05-13 20:34:01.758000,543.066,20,419,5,98,2020-05-17 00:58:23.191000,74334259,United States,Netherlands,Unemployed (and job seeking),English,"English, Spanish, Dutch, Italian",United States,Male,Yes
5ebc57a0d4391708ac75c093,5eb2de44f2dbc90894711df3,APPROVED,2020-05-13 20:25:07.296000,2020-05-13 20:31:04.050000,356.754,,21,0,100,2020-05-17 00:58:25.161000,74334259,United States,United States,Part-Time,English,"English, French, German, Italian",United States,Male,Yes
5ebc57a05ac76b08a2692a3a,5e794f94cd742b5121734d4c,APPROVED,2020-05-13 20:25:05.902000,2020-05-13 20:32:50.063000,464.161,20,101,0,100,2020-05-17 00:58:24.175000,74334259,United States,United States,Unemployed (and job seeking),English,"Chinese, English",United States,Male,Yes
5ebc57a11e71ae0908458d71,5eaf790df0b5cc682f9a19ce,APPROVED,2020-05-13 20:25:35.803000,2020-05-13 20:36:33.951000,658.148,29,45,0,100,2020-05-17 00:58:26.232000,74334259,United States,United States,Part-Time,English,English,United States,Female,Yes
5ebc57a26ee0c109062f0e9d,5e94f9f2cd40fa876abe55ac,APPROVED,2020-05-13 20:25:26.071000,2020-05-13 20:40:50.479000,924.408,19,58,1,99,2020-05-17 00:58:27.215000,74334259,United States,United States,Unemployed (and job seeking),English,"English, Spanish",United States,Male,Yes
5ebc57a6e39cda095b8b00f0,5e8e0b2d3e52130b81900c4d,APPROVED,2020-05-13 20:25:10.930000,2020-05-13 20:32:51.655000,460.725,27,100,0,100,2020-05-17 00:58:28.188000,74334259,United States,United States,Full-Time,English,English,United States,Male,Yes
5ebc57ac0ace95069c999a28,5eb5e831b11b101414b3ae6c,APPROVED,2020-05-13 20:26:48.883000,2020-05-13 20:44:30.724000,1061.841,19,20,0,100,2020-05-17 00:58:29.204000,74334259,United States,United States,Other,English,English,United States,Male,Yes
5ebc57ad6a8f8f092444b929,5e668df31d7e1a4039d67b49,APPROVED,2020-05-13 20:30:15.795000,2020-05-13 20:45:22.710000,906.915,21,82,0,100,2020-05-17 00:58:30.395000,74334259,United States,United States,Part-Time,English,English,United States,Prefer not to say,Yes
5ebc57b24495870967832dd0,5eadfcaa0051740ff581544a,APPROVED,2020-05-13 20:25:25.211000,2020-05-13 20:30:29.423000,304.212,19,19,0,100,2020-05-17 00:58:31.351000,74334259,United States,United States,Unemployed (and job seeking),English,English,United States,Female,Yes
5ebc57bb996d20087f019d48,5e4bdb0a5f962e025484358c,APPROVED,2020-05-13 20:25:33.018000,2020-05-13 20:34:01.530000,508.512,20,88,0,100,2020-05-17 00:58:32.337000,74334259,Jamaica,United Kingdom,Full-Time,English,English,United States,Female,Yes
5ebc57bf55e67d091b936bfd,5bdd006c712eb800010d0670,APPROVED,2020-05-13 20:26:27.289000,2020-05-13 20:33:00.117000,392.828,21,504,1,100,2020-05-17 00:58:33.295000,74334259,United States,United States,"Not in paid work (e.g. homemaker', 'retired or disabled)",English,"English, Chinese",United States,Male,Yes
5ebc57c59921f308b314a81d,5e8cec5e1a88ad0a14744f2d,APPROVED,2020-05-13 20:25:43.579000,2020-05-13 20:41:42.522000,958.943,39,74,0,100,2020-05-17 00:58:34.199000,74334259,Armenia,United States,Unemployed (and job seeking),Armenian,"Armenian, English, Russian",United States,Male,Yes
5ebc57d23d396b08af3272d3,5ddddb0659b1b0d3e08cb77d,APPROVED,2020-05-13 20:25:57.378000,2020-05-13 20:35:11.156000,553.778,24,151,1,100,2020-05-17 00:58:35.290000,74334259,United States,United States,Due to start a new job within the next month,English,English,United States,Female,Yes
5ebc57d25fdbbc0766eab3f2,5ebaf57d13a1670a6a579fa1,APPROVED,2020-05-13 20:25:56.621000,2020-05-13 20:35:03.474000,546.853,31,15,0,100,2020-05-17 00:58:37.265000,74334259,United States,United States,Full-Time,English,English,United States,Female,Yes
5ebc57d25844bf0866e47a3e,58dc21b27f59b30001457aba,APPROVED,2020-05-13 20:26:02.899000,2020-05-13 20:30:54.424000,291.525,30,560,1,100,2020-05-17 00:58:36.289000,74334259,United States,United States,Unemployed (and job seeking),English,English,United States,Male,Yes
5ebd5f6fcf12be040f36d481,5eb03e8542bbba0ab22b730f,APPROVED,2020-05-14 15:10:39.772000,2020-05-14 15:20:25.824000,586.052,18,49,1,99,2020-05-17 00:58:39.324000,74334259,United States,United States,Unemployed (and job seeking),English,"English, French",United States,Male,Yes
5ebd5f6f4789560418d6db1e,5e8259d8726b2a9826c29af7,APPROVED,2020-05-14 15:10:39.956000,2020-05-14 15:16:15.929000,335.973,24,99,1,100,2020-05-17 00:58:38.225000,74334259,United States,United States,Unemployed (and job seeking),English,English,United States,Female,Yes
5ebd5f70a5b50f04345633e9,5dcfa1ee86411b0c83bbb15b,APPROVED,2020-05-14 15:10:58.930000,2020-05-14 15:22:39.704000,700.774,22,276,0,100,2020-05-17 00:58:40.323000,74334259,United States,United States,Full-Time,English,"English, Spanish",United States,Female,Yes
5ebd5f7418e2780493a2d8ad,5eab5556742dd91332dc610d,APPROVED,2020-05-14 15:11:34.854000,2020-05-14 15:24:37.523000,782.669,22,54,0,100,2020-05-17 00:58:41.340000,74334259,United States,United States,Other,English,English,United States,Female,Yes
5ebd5f779264f8042e4854fb,5e7825d256b26e3a278d8c73,APPROVED,2020-05-14 15:10:51.165000,2020-05-14 15:20:16.327000,565.162,32,92,0,100,2020-05-17 00:58:42.308000,74334259,United States,United States,Part-Time,English,English,United States,Female,Yes
5ebd5f790ee54a0296aac21a,5eab120dde58220b71cf6599,APPROVED,2020-05-14 15:10:51.992000,2020-05-14 15:16:43.758000,351.766,18,33,0,100,2020-05-17 00:58:43.280000,74334259,United States,United States,Unemployed (and job seeking),English,English,United States,Female,Yes
5ebd5f7c606dec04138c2608,5e946edca4ddb72c52fb270b,APPROVED,2020-05-14 15:11:52.676000,2020-05-14 15:21:41.816000,589.14,23,86,1,100,2020-05-17 00:58:44.376000,74334259,United States,United States,Unemployed (and job seeking),English,English,United States,Male,Yes
5ebd5f7f8ab3bf02a68ca238,5ead8de54309424234377266,APPROVED,2020-05-14 15:10:57.278000,2020-05-14 15:15:51.975000,294.697,29,52,0,100,2020-05-17 00:58:45.486000,74334259,United States,United States,Full-Time,English,"English, French, Spanish",United States,Female,Yes
5ebd5f85db532f0317c73592,5ad93fa080491c000142d619,APPROVED,2020-05-14 15:11:04.839000,2020-05-14 15:16:50.757000,345.918,27,529,0,100,2020-05-17 00:58:46.433000,74334259,United States,United States,Full-Time,English,"Spanish, Russian, Italian, English",United States,Female,Yes
5ebd5f8c0b055e04983567d0,5e864d036d765027f7c0760d,APPROVED,2020-05-14 15:11:23.096000,2020-05-14 15:21:31.485000,608.389,24,82,0,100,2020-05-17 00:58:47.359000,74334259,United States,United States,Due to start a new job within the next month,English,"English, Hindi",United States,Male,Yes
5ebd5f9018e2780416043f6f,5eab34000e24360e4f5f1682,APPROVED,2020-05-14 15:11:12.006000,2020-05-14 15:18:59.299000,467.293,19,52,0,100,2020-05-17 00:58:48.317000,74334259,United States,United States,Part-Time,English,"Chinese, English",United States,Male,Yes
5ebd5f90ae4d3904288c35e7,5da4f9a3bbbc120015e084a9,APPROVED,2020-05-14 15:11:18.354000,2020-05-14 15:14:21.778000,183.424,20,317,1,100,2020-05-17 00:58:50.470000,74334259,United States,United States,Due to start a new job within the next month,English,English,United States,Female,Yes
5ebd5f90a7badd0246e8b327,5eafd506b7adcd01901acc27,APPROVED,2020-05-14 15:11:17.087000,2020-05-14 15:25:08.612000,831.525,29,61,0,100,2020-05-17 00:58:49.506000,74334259,United States,United States,Part-Time,English,English,United States,Male,Yes
5ebd5f9635fd7a03e0f610db,5d33ff76f665c6001ab9aa1e,APPROVED,2020-05-14 15:11:18.059000,2020-05-14 15:22:52.274000,694.215,26,276,4,98,2020-05-17 00:58:51.415000,74334259,Greece,Greece,Unemployed (and job seeking),Greek,"Greek, English",United States,Female,Yes
5ebd5f9969738f03b0f31179,5e72cb561b6e9c21954bd7da,APPROVED,2020-05-14 15:11:45.824000,2020-05-14 15:21:15.222000,569.398,22,95,0,100,2020-05-17 00:58:52.389000,74334259,United States,United States,Part-Time,English,English,United States,Female,Yes
5ebd5f99f7e58f0521b82166,5d3f6c700bd40e001cf67d98,APPROVED,2020-05-14 15:11:21.557000,2020-05-14 15:17:26.085000,364.528,21,377,1,100,2020-05-17 00:58:53.465000,74334259,United States,United States,Part-Time,English,"English, Chinese",United States,Male,Yes
5ebd5f9c3eb933047fbf74ea,5d163b17e476370001f4e97c,APPROVED,2020-05-14 15:11:26.116000,2020-05-14 15:15:49.788000,263.672,32,314,3,99,2020-05-17 00:58:54.389000,74334259,Korea,United States,Full-Time,English,English,United States,Male,Yes
5ebd5f9eb369a7041aea5620,5db784034f550b000e3574b1,APPROVED,2020-05-14 15:11:28.112000,2020-05-14 15:18:51.234000,443.122,22,238,3,99,2020-05-17 00:58:55.367000,74334259,United States,United States,Other,Chinese,"Chinese, English",United States,Female,Yes
5ebd5fa2ff308c03e85e6811,5e9e6189bee0af238931e653,APPROVED,2020-05-14 15:11:35.429000,2020-05-14 15:20:40.428000,544.999,25,46,0,100,2020-05-17 00:58:57.301000,74334259,United States,United States,Part-Time,English,English,United States,Female,Yes
5ebd5fa2f86e5403d0d105a6,5e8d44819163b611f62d706c,APPROVED,2020-05-14 15:11:35.923000,2020-05-14 15:28:08.505000,992.582,28,79,0,100,2020-05-17 00:58:56.325000,74334259,United States,United States,Other,English,English,United States,Female,Yes
5ebd5fa8e73cfc02ef304969,5dd7662482569a706cac6d34,APPROVED,2020-05-14 15:11:38.976000,2020-05-14 15:18:53.722000,434.746,31,206,1,100,2020-05-17 00:58:58.436000,74334259,United States,United States,Unemployed (and job seeking),English,English,United States,Male,Yes
5ebd5fa97351190437aa15e0,5eaec4a4851f4f5979bd0c46,APPROVED,2020-05-14 15:11:41.318000,2020-05-14 15:15:37.771000,236.453,22,46,0,100,2020-05-17 00:58:59.392000,74334259,United States,United States,Other,English,English,United States,Male,Yes
5ebd5faa9d92d8046ebda5d1,5e2bf2153a9311222d4892c6,APPROVED,2020-05-14 15:11:38.461000,2020-05-14 15:22:23.360000,644.899,19,285,1,100,2020-05-17 00:59:00.365000,74334259,United States,United States,Unemployed (and job seeking),English,English,United States,Male,Yes
5ebd5fae2a843904cae1386f,5eab81a183d00517ecc69645,APPROVED,2020-05-14 15:12:24.689000,2020-05-14 15:23:33.542000,668.853,18,44,0,100,2020-05-17 00:59:01.508000,74334259,United States,,"Not in paid work (e.g. homemaker', 'retired or disabled)",English,English,United States,Male,Yes
5ebd5fb1ede6900525f2f097,5d54d3560c5b0400174b3c81,APPROVED,2020-05-14 15:11:50.686000,2020-05-14 15:21:57.131000,606.445,31,444,2,100,2020-05-17 00:59:02.484000,74334259,United States,United States,Part-Time,English,English,United States,Female,Yes
5ebd5fb1fb8ba402efa5b65b,5e9178f2f3d82149fb87f6e8,APPROVED,2020-05-14 15:11:48.763000,2020-05-14 15:28:00.505000,971.742,19,45,0,100,2020-05-17 00:59:03.580000,74334259,United States,United States,Unemployed (and job seeking),English,English,United States,Female,Yes
5ebd5fb8bb5eac03028ca6ff,5e7a3d4ecbf3760137f77a5b,APPROVED,2020-05-14 15:11:54.481000,2020-05-14 15:21:39.343000,584.862,28,113,1,100,2020-05-17 00:59:04.584000,74334259,United States,United States,Full-Time,Spanish,"English, Spanish",United States,Female,Yes
5ebd5fbdeef0df03bcf330a9,5e94fe1e164143000adac1ae,APPROVED,2020-05-14 15:11:59.344000,2020-05-14 15:18:54.495000,415.151,,64,0,100,2020-05-17 00:59:05.543000,74334259,United States,United States,,English,English,United States,Female,Yes
5ebd5fc03d870d035e60dde4,5ea00f8da4524200097d2254,APPROVED,2020-05-14 15:12:00.819000,2020-05-14 15:31:17.752000,1156.933,21,62,0,100,2020-05-17 00:59:06.510000,74334259,United States,United States,Unemployed (and job seeking),English,English,United States,Male,Yes
5ebd5fc2c83ba4049f0e12bf,5ce753de5434fd001b47e9fc,APPROVED,2020-05-14 15:12:04.785000,2020-05-14 15:21:26.370000,561.585,24,242,2,100,2020-05-17 00:59:08.619000,74334259,United States,United States,Unemployed (and job seeking),English,English,United States,Male,Yes
5ebd5fc206ce8b0415528e57,5eb1cc5bbd95623229c961a5,APPROVED,2020-05-14 15:12:02.877000,2020-05-14 15:19:22.580000,439.703,19,50,0,100,2020-05-17 00:59:07.497000,74334259,United States,United States,,English,English,United States,Female,Yes
5ebd5fc6c6660a037cabd51a,5e6ff5fb9cf1955c1d9bbb21,APPROVED,2020-05-14 15:12:09.021000,2020-05-14 15:17:54.312000,345.291,21,93,0,100,2020-05-17 00:59:09.607000,74334259,United States,United States,Part-Time,English,"English, Spanish",United States,Female,Yes
5ebd5fc7c6a1f204a31e7796,5deef64126ff0259490b942c,APPROVED,2020-05-14 15:12:09.335000,2020-05-14 15:17:01.153000,291.818,27,74,1,99,2020-05-17 00:59:10.640000,74334259,United States,United States,Part-Time,English,English,United States,Female,Yes
5ebd5fc7dd2d0f04ec752234,5e77f95053032d0b15687284,APPROVED,2020-05-14 15:12:07.209000,2020-05-14 15:22:38.368000,631.159,27,119,0,100,2020-05-17 00:59:11.661000,74334259,United States,United States,Full-Time,English,English,United States,Female,Yes
5ebd5fc9f9f1aa0420ca1a10,5ea08f6e39035b0616076934,APPROVED,2020-05-14 15:12:10.568000,2020-05-14 15:19:11.004000,420.436,21,54,0,100,2020-05-17 00:59:12.629000,74334259,United States,United States,Unemployed (and job seeking),English,English,United States,Male,Yes
5ebd5fcc904a0d0245512074,5ea2343c360fe41485a02d81,APPROVED,2020-05-14 15:12:30.301000,2020-05-14 15:19:18.968000,408.667,24,98,1,100,2020-05-17 00:59:13.735000,74334259,United States,United States,Unemployed (and job seeking),English,English,United States,Male,Yes
5ebd5fd0a3d1e4047c5ce6de,5e9d549e36f025000a0ddc25,APPROVED,2020-05-14 15:12:16.299000,2020-05-14 15:26:40.911000,864.612,21,49,0,100,2020-05-17 00:59:14.857000,74334259,United States,United States,Part-Time,English,English,United States,Female,Yes
5ebd5fd6aefecd0428c01eb1,5e19c8d1477f3b24e0ac5efa,APPROVED,2020-05-14 15:12:27.220000,2020-05-14 15:25:57.838000,810.618,20,230,3,99,2020-05-17 00:59:15.831000,74334259,United States,United States,Unemployed (and job seeking),English,"Spanish, English, Italian, French",United States,Female,Yes
5ebd5fda6caea104641b193a,5e891499ecf1c05abf1ed7b4,APPROVED,2020-05-14 15:12:30.044000,2020-05-14 15:21:44.322000,554.278,18,78,0,100,2020-05-17 00:59:16.804000,74334259,United States,United States,"Not in paid work (e.g. homemaker', 'retired or disabled)",English,"English, Spanish",United States,Male,Yes
5ebd5fda78dd93042899e1bd,5eaa192b4e2ab9197cec6eeb,APPROVED,2020-05-14 15:12:26.547000,2020-05-14 15:23:29.254000,662.707,19,35,2,95,2020-05-17 00:59:17.938000,74334259,United States,Poland,Full-Time,English,"English, Polish, Ucrainian",United States,Male,Yes
5ebd5fe0226f3b04ea73477d,5df0eb850042e812ca51313a,APPROVED,2020-05-14 15:12:34.289000,2020-05-14 15:22:47.024000,612.735,33,121,0,100,2020-05-17 00:59:18.895000,74334259,United States,United States,"Not in paid work (e.g. homemaker', 'retired or disabled)",English,English,United States,Female,Yes
5ebd5fe0492b8404b8dc9e84,5e8e0a728565ef091f04d0aa,APPROVED,2020-05-14 15:12:47.989000,2020-05-14 15:26:20.872000,812.883,22,97,0,100,2020-05-17 00:59:19.871000,74334259,United States,United States,Other,English,English,United States,Female,Yes
5ebd5feb2e144c035974a061,5e4e844553bc702cdf68404d,APPROVED,2020-05-14 15:12:54.481000,2020-05-14 15:24:14.463000,679.982,21,145,0,100,2020-05-17 00:59:20.846000,74334259,United States,United States,Other,English,English,United States,Female,Yes
5ebd5feedc3e750315fe3098,5dcc9ee9b4cc7892cce47c45,APPROVED,2020-05-14 15:20:57.113000,2020-05-14 15:27:02.629000,365.516,18,303,1,100,2020-05-17 00:59:21.820000,74334259,United States,United States,Part-Time,English,English,United States,Male,Yes
5ebd5fefa5b50f04345633ec,5debce5335575a2bed69acc6,APPROVED,2020-05-14 15:12:50.164000,2020-05-14 15:20:12.657000,442.493,54,168,1,100,2020-05-17 00:59:22.850000,74334259,United States,United States,Full-Time,English,English,United States,Male,Yes
5ebd5ff44b759c049d68d300,5e52a82ecd4f3b000c197841,APPROVED,2020-05-14 15:12:52.032000,2020-05-14 15:19:01.560000,369.528,21,193,1,100,2020-05-17 00:59:23.951000,74334259,United States,United States,Part-Time,English,"English, French",United States,Male,Yes
5ebd5ff5ae8085048cabc5c6,5d045502bdeaa5000165e935,APPROVED,2020-05-14 15:12:58.172000,2020-05-14 15:22:31.094000,572.922,24,450,5,98,2020-05-17 00:59:24.928000,74334259,United States,United States,Full-Time,English,"Bulgarian, English",United States,Female,Yes
5ebd60082995cb04a06b6e88,5eb5e4d80c06144d36ab1b93,APPROVED,2020-05-14 15:13:24.729000,2020-05-14 15:19:32.566000,367.837,22,33,0,100,2020-05-17 00:59:25.894000,74334259,United States,United States,Other,English,English,United States,Female,Yes
5ebd600d2995cb04319b775a,5e28ad9b6dbb5608131beb19,APPROVED,2020-05-14 15:13:28.298000,2020-05-14 15:22:44.510000,556.212,24,206,3,99,2020-05-17 00:59:27,74334259,United States,United States,Full-Time,English,English,United States,Male,Yes
5ebd600e33dc31041bfade9e,5e7d280b351b5c0d4a41d376,APPROVED,2020-05-14 15:13:18.971000,2020-05-14 15:19:57.758000,398.787,22,95,2,98,2020-05-17 00:59:27.977000,74334259,United States,United States,Unemployed (and job seeking),Russian,English,United States,Female,Yes
5ebd6012ae4d3904288c35eb,5dd2e29b2c5c102e6454227a,APPROVED,2020-05-14 15:13:24.820000,2020-05-14 15:19:23.533000,358.713,27,171,2,99,2020-05-17 00:59:28.973000,74334259,United States,United States,Part-Time,English,English,United States,Female,Yes
5ebd60161ba57d0430b7dbed,5dfc64647adf4b971f329cbf,APPROVED,2020-05-14 15:13:36.074000,2020-05-14 15:42:50.476000,1754.402,33,181,0,100,2020-05-17 00:59:29.939000,74334259,United States,United States,Due to start a new job within the next month,English,English,United States,Male,Yes
5ebd601a1d76e4043cb045af,5e7b21d811bf5611a47f76ac,APPROVED,2020-05-14 15:13:37.788000,2020-05-14 15:22:54.212000,556.424,26,118,1,100,2020-05-17 00:59:30.892000,74334259,United States,United States,Unemployed (and job seeking),Spanish,"English, Spanish",United States,Female,Yes
5ebd601c680273036d28f90f,5ea940037ff60b000be92af0,APPROVED,2020-05-14 15:13:35.362000,2020-05-14 15:19:29.401000,354.039,40,40,0,100,2020-05-17 00:59:32.011000,74334259,Vietnam,United States,Full-Time,Vietnamese,English,United States,Male,Yes
5ebd601db6a8d904a85f3431,5c88510b973d930001652c23,APPROVED,2020-05-14 15:13:37.249000,2020-05-14 15:19:46.269000,369.02,20,404,4,99,2020-05-17 00:59:32.971000,74334259,United States,United States,Full-Time,English,English,United States,Female,Yes
5ebd601e6de0f803d3b55623,5beb1ae6bcf7f90001084c7d,APPROVED,2020-05-14 15:16:12.510000,2020-05-14 15:22:48.473000,395.963,20,80,0,100,2020-05-17 00:59:33.951000,74334259,United States,United Kingdom,Due to start a new job within the next month,English,English,United States,Female,Yes
5ebd6022ae808504df175bf7,5e7307087f94ce260c6076f2,APPROVED,2020-05-14 15:13:51.646000,2020-05-14 15:39:29.320000,1537.674,39,96,2,98,2020-05-17 00:59:34.934000,74334259,United States,United States,Full-Time,English,English,United States,Male,Yes
5ebd6023a30b9504b15e0bb2,5e693ff6b5da8a069e4e8d21,APPROVED,2020-05-14 15:14:11.915000,2020-05-14 15:23:26.124000,554.209,18,119,0,100,2020-05-17 00:59:35.915000,74334259,United States,United States,Other,English,English,United States,Male,Yes
5ebd6024a3d1e4042ab21aab,5eb5a7321cf74d4601b8df1e,RETURNED,2020-05-14 15:13:42.272000,,1138731.847608,28,32,0,100,,,CONSENT REVOKED,CONSENT REVOKED,CONSENT REVOKED,CONSENT REVOKED,CONSENT REVOKED,CONSENT REVOKED,CONSENT REVOKED,CONSENT REVOKED
5ebd60242abb6a0492dce5ba,5eb30b0809b1cb0d239f7c08,APPROVED,2020-05-14 15:13:40.214000,2020-05-14 15:19:32.475000,352.261,18,41,1,99,2020-05-17 00:59:37.025000,74334259,United States,,Unemployed (and job seeking),English,English,United States,Male,Yes
5ebd608171ce6a05106a72a5,5dc6c59a302a184c4821c422,APPROVED,2020-05-14 15:16:09.623000,2020-05-14 15:25:43.881000,574.258,27,228,0,100,2020-05-17 00:59:37.987000,74334259,Greece,Greece,Full-Time,Greek,"English, Greek",United States,Male,Yes
5ebdaea279146d0e47d122b2,5e9bd31ca746bc0e8d13c674,APPROVED,2020-05-14 20:48:38.260000,2020-05-14 20:56:36.436000,478.176,22,77,0,100,2020-05-17 00:59:38.961000,74334259,United States,United States,Unemployed (and job seeking),English,"French, English",United States,Male,Yes
5ebdaea8b587fe0e6e636239,5d82dce291fa480016305897,APPROVED,2020-05-14 20:48:42.407000,2020-05-14 20:54:59.180000,376.773,20,211,0,100,2020-05-17 00:59:43.070000,74334259,United States,United States,Other,English,English,United States,Female,Yes
5ebdaea81b49560d420bff7f,5cef4881fb09f7000157f151,APPROVED,2020-05-14 20:48:42.853000,2020-05-14 20:57:05.873000,503.02,22,114,0,100,2020-05-17 00:59:39.953000,74334259,United States,United States,Unemployed (and job seeking),English,English,United States,Female,Yes
5ebdaea81ea97a0d5f6fef6f,5e1f7b2a4c9b832b34e7c9d3,APPROVED,2020-05-14 20:55:20.253000,2020-05-14 20:59:12.658000,232.405,28,197,0,100,2020-05-17 00:59:41.096000,74334259,United States,United States,Full-Time,English,English,United States,Male,Yes
5ebdaea88ac7870e024df54d,5e7bc10939f0d10b16c5f79b,APPROVED,2020-05-14 20:48:47.150000,2020-05-14 20:55:23.578000,396.428,37,96,0,100,2020-05-17 00:59:42.099000,74334259,United States,United States,Part-Time,English,English,United States,Female,Yes
5ebdaeb5ecfc7d0de1f88f41,5eb32b8adc8fc511560fca82,APPROVED,2020-05-14 20:48:59.202000,2020-05-14 20:55:50.449000,411.247,19,37,1,99,2020-05-17 00:59:45.010000,74334259,United States,United States,Unemployed (and job seeking),English,English,United States,Male,Yes
5ebdaeb581c8d40b78982ad5,5e9bd2230273320dc4b542ee,APPROVED,2020-05-14 20:48:56.635000,2020-05-14 20:56:21.554000,444.919,18,57,0,100,2020-05-17 00:59:44.053000,74334259,United States,United States,Other,Telugu,English,United States,Female,Yes
5ebdaeb67351190d4b7b64f1,5e8debd2ae7a80071f189793,APPROVED,2020-05-14 20:48:54.457000,2020-05-14 20:57:29.175000,514.718,20,80,0,100,2020-05-17 00:59:46.130000,74334259,India,United States,Unemployed (and job seeking),Telugu,English,United States,Male,Yes
5ebdaeb77f03630e33cf0b56,5c880a528085800016135d86,APPROVED,2020-05-14 20:48:55.420000,2020-05-14 20:55:38.863000,403.443,20,53,1,100,2020-05-17 00:59:47.044000,74334259,United States,Poland,Part-Time,English,"Polish, English",United States,Male,Yes
5ebdaeba7334aa0e3c375eeb,5e8a76b3939b3072dc76fb5c,APPROVED,2020-05-14 20:49:08.199000,2020-05-14 20:56:24.193000,435.994,22,91,1,100,2020-05-17 00:59:48.013000,74334259,United States,United States,Part-Time,English,"English, Spanish",United States,Male,Yes
5ebdaeba9d92d80e083e55db,5e9e598942f418227b7a4e52,TIMED-OUT,2020-05-14 20:48:58.415000,,1118616.037267,19,89,3,97,,,United States,United States,Part-Time,English,English,United States,Male,Yes
5ebdaebea1700d0dc0ff3052,5e920e9a7da4b35496c9d828,APPROVED,2020-05-14 20:49:12.640000,2020-05-14 20:57:51.384000,518.744,19,72,1,100,2020-05-17 00:59:48.985000,74334259,United States,United States,Other,English,English,United States,Female,Yes
5ebdaebeddad5c0e5729f7ac,5e84b8443f064006f1b5215c,APPROVED,2020-05-14 20:49:12.303000,2020-05-14 20:59:10.007000,597.704,33,119,1,100,2020-05-17 00:59:50.102000,74334259,United States,United States,Unemployed (and job seeking),English,English,United States,Male,Yes
5ebdaec18565890f008f70db,58c376f9efb64f0001358464,APPROVED,2020-05-14 20:50:05.562000,2020-05-14 20:54:26.724000,261.162,35,932,12,97,2020-05-17 00:59:52.021000,74334259,United States,United States,Full-Time,English,English,United States,Female,No
5ebdaec16575400dd6f36298,5db7e95a0b850e000f5e0b6f,RETURNED,2020-05-14 20:49:05.300000,,1118609.252735,26,269,1,100,,,CONSENT REVOKED,CONSENT REVOKED,CONSENT REVOKED,CONSENT REVOKED,CONSENT REVOKED,CONSENT REVOKED,CONSENT REVOKED,CONSENT REVOKED
5ebdaec14fad5f0d74d7e328,5ebb60fe5b408e13222c626c,APPROVED,2020-05-14 20:54:40.952000,2020-05-14 21:15:29.432000,1248.48,22,28,0,100,2020-05-17 00:59:51.063000,74334259,United States,United States,Part-Time,English,English,United States,Male,Yes
5ebdaec24545840e35be402c,5e9923fb0d2c3a15aea5f991,APPROVED,2020-05-14 20:51:15.823000,2020-05-14 21:10:33.454000,1157.631,28,70,0,100,2020-05-17 00:59:53.007000,74334259,United States,United States,Full-Time,English,English,United States,Female,Yes
5ebdaec7dd2d0f0e2381dcd5,5df837d7afb8b05ea6aafddb,APPROVED,2020-05-14 20:49:13.463000,2020-05-14 20:56:57.481000,464.018,21,174,1,100,2020-05-17 00:59:53.967000,74334259,United States,United States,Part-Time,English,English,United States,Male,Yes
5ebdaecad5a1130d9e7becc9,5d76bc8e529c4b00197aa4f2,APPROVED,2020-05-14 20:49:14.661000,2020-05-14 20:57:58.874000,524.213,21,428,1,100,2020-05-17 00:59:55.070000,74334259,Taiwan,United States,Other,English,English,United States,Female,Yes
5ebdaed340ee2f0e4023d757,5e89ad187ad752640e558c8a,APPROVED,2020-05-14 20:49:23.003000,2020-05-14 20:56:54.543000,451.54,22,108,3,98,2020-05-17 00:59:56.039000,74334259,United States,United States,Part-Time,English,"English, Spanish",United States,Male,Yes
5ebdaed619e5db0e1c3138d9,5b86f3cb5470830001b74bbc,RETURNED,2020-05-14 20:49:28.634000,,1118586.041464,36,437,1,100,,,CONSENT REVOKED,CONSENT REVOKED,CONSENT REVOKED,CONSENT REVOKED,CONSENT REVOKED,CONSENT REVOKED,CONSENT REVOKED,CONSENT REVOKED
5ebdaed6a814380c52925d14,5ea1f3eaf063d70e9a0a627f,TIMED-OUT,2020-05-14 20:49:29.822000,,1118584.853539,20,37,2,90,,,Poland,Poland,Due to start a new job within the next month,English,"English, Italian, Swedish",United States,Male,Yes
5ebdaedfbd76500df537edfb,5e4a2f23f64db74915406236,APPROVED,2020-05-14 20:52:51.465000,2020-05-14 20:59:44.866000,413.401,29,79,1,100,2020-05-17 00:59:56.947000,74334259,United States,United States,Full-Time,English,English,United States,Male,Yes
5ebdaee0cb09d40caede44bf,5eaf4d36b5205265123a102e,APPROVED,2020-05-14 20:49:41.719000,2020-05-14 21:00:57.361000,675.642,20,38,0,100,2020-05-17 00:59:57.917000,74334259,United States,United States,Unemployed (and job seeking),English,English,United States,Female,Yes
5ebdaee25230260c9707b12e,5e616b0a72248504495fe4ef,APPROVED,2020-05-14 20:49:40.606000,2020-05-14 21:13:26.368000,1425.762,32,160,0,100,2020-05-17 00:59:58.878000,74334259,United States,United States,Full-Time,Spanish,"English, Spanish",United States,Male,Yes
5ebdaee56aab7f0dd67135ae,5e8f10db1e5f531d1a7723ae,APPROVED,2020-05-14 20:49:58.597000,2020-05-14 20:56:38.443000,399.846,25,99,1,100,2020-05-17 01:00:00.947000,74334259,United States,United States,Full-Time,English,English,United States,Female,Yes
5ebdaee531748b0e753e9b34,5ea6d5e15789a4069a6d3d9f,APPROVED,2020-05-14 20:49:41.570000,2020-05-14 21:04:01.054000,859.484,20,48,0,100,2020-05-17 00:59:59.996000,74334259,United States,Poland,Unemployed (and job seeking),English,"English, Czech, Polish",United States,Male,Yes
5ebdaee931748b0e753e9b35,5d5eeb06d8bcde00162d73f1,APPROVED,2020-05-14 20:49:45.032000,2020-05-14 20:58:17.295000,512.263,21,181,0,100,2020-05-17 01:00:01.928000,74334259,United States,United States,DATA EXPIRED,English,"English, Bengali, Hindi, Spanish",United States,Male,Yes
5ebdaeeb8ab3bf0cd9928485,5dd9f4ed16d10c96e079f1f4,APPROVED,2020-05-14 20:50:08.024000,2020-05-14 21:08:11.386000,1083.362,25,179,1,100,2020-05-17 01:00:03.633000,74334259,United States,United States,Unemployed (and job seeking),English,English,United States,Female,Yes
5ebdaeec1f69ce0e167169a9,5e79437d60e3c14ed20cc894,APPROVED,2020-05-14 20:49:48.183000,2020-05-14 20:55:28.485000,340.302,26,140,3,99,2020-05-17 01:00:04.744000,74334259,China,United States,Full-Time,Chinese,"Chinese, English",United States,Male,Yes
5ebdb2c6aefecd0eb7924df7,5b0ca34130d562000155582e,APPROVED,2020-05-14 21:06:17.128000,2020-05-14 21:14:11.523000,474.395,22,572,6,99,2020-05-17 01:00:05.687000,74334259,United States,United States,Part-Time,English,English,United States,Male,Yes
5ebdb3b6bd76500e507841d7,5ea1119c737ba611c77c0b77,APPROVED,2020-05-14 21:10:21.225000,2020-05-14 21:17:23.925000,422.7,21,64,0,100,2020-05-17 01:00:06.589000,74334259,United States,United States,DATA EXPIRED,English,English,United States,Female,Yes
5ebdbbe44789560f23b2afca,5e90a1eaad04060882d17a3d,APPROVED,2020-05-14 21:45:12.420000,2020-05-14 21:52:39.580000,447.16,26,82,0,100,2020-05-17 01:00:07.580000,74334259,United States,United States,Due to start a new job within the next month,English,English,United States,Male,Yes
5ebdbbebede6900fb42b95a7,5ae21dfffef71c0001be9caf,APPROVED,2020-05-14 21:45:18.268000,2020-05-14 21:53:57.874000,519.606,30,208,1,100,2020-05-17 01:00:08.546000,74334259,United States,United States,Full-Time,English,English,United States,Female,Yes
