session_id,participant_id,status,started_datetime,completed_date_time,time_taken,age,num_approvals,num_rejections,prolific_score,reviewed_at_datetime,entered_code,Country of Birth,Current Country of Residence,Employment Status,First Language,Fluent languages,Nationality,Sex,Student Status
5f9fd9f6e4579e00099c12eb,5cd1d1f7db7024000195cc75,AWAITING REVIEW,2020-11-02 10:05:42.875000,2020-11-02 10:07:19.539000,96.664,33,378,3,99,,6AB555FF,United Kingdom,United Kingdom,Full-Time,English,English,United Kingdom,Male,Yes
5f9fdddeeb78640104c749fc,5e2eb30e270214000b247d1b,AWAITING REVIEW,2020-11-02 10:22:22.402000,2020-11-02 10:24:08.707000,106.305,28,185,0,100,,6AB555FF,United Kingdom,United Kingdom,Other,English,English,United Kingdom,Male,Yes
5f9fe371d1a67e01fd6741bd,5f58fae91feaa10c5607d684,AWAITING REVIEW,2020-11-02 10:46:14.531000,2020-11-02 10:49:56.024000,221.493,32,12,0,100,,6AB555FF,United Kingdom,United Kingdom,Other,,English,United Kingdom,Female,Yes
5f9fe3aeeae0a801ad4de2c6,598b4594474b9200017e0a77,AWAITING REVIEW,2020-11-02 10:47:10.567000,2020-11-02 10:50:24.561000,193.994,33,329,11,96,,6AB555FF,United Kingdom,United Kingdom,Part-Time,English,English,United Kingdom,Female,Yes
5f9fe3cbfe022701cf36b68f,5deeae4afe675754baef331c,AWAITING REVIEW,2020-11-02 10:47:41.255000,2020-11-02 10:49:23.185000,101.93,20,105,1,99,,6AB555FF,United Kingdom,United Kingdom,Other,English,English,United Kingdom,Female,Yes
5f9fe3db60575c0154f844df,58a609cbef58a9000119c473,AWAITING REVIEW,2020-11-02 10:48:01.145000,2020-11-02 10:50:32.678000,151.533,30,309,1,100,,6AB555FF,United Kingdom,United Kingdom,Part-Time,English,English,United Kingdom,Male,Yes
5f9fe3ea36d8b001f9796cd3,5e7b5dd2e47a3d153c6329a8,AWAITING REVIEW,2020-11-02 10:48:09.983000,2020-11-02 10:51:17.768000,187.785,28,124,2,99,,6AB555FF,United Kingdom,United Kingdom,Full-Time,English,English,United Kingdom,Female,Yes
5f9fe424cc7d1001ff1765fe,5f26b57a60644b4198c9d5e9,AWAITING REVIEW,2020-11-02 10:49:10.819000,2020-11-02 10:53:10.437000,239.618,42,51,0,100,,6AB555FF,United Kingdom,United Kingdom,Full-Time,English,English,United Kingdom,Female,Yes
5f9fe4359ddd9601b24ea23a,5f69ab16207a77000a7091d9,AWAITING REVIEW,2020-11-02 10:49:24.978000,2020-11-02 10:53:32.046000,247.068,24,18,0,100,,6AB555FF,United Kingdom,United Kingdom,Due to start a new job within the next month,,English,United Kingdom,Female,Yes
5f9fe47e6d681b02005c3309,5f452b74e5f76e0abc3b1288,AWAITING REVIEW,2020-11-02 10:50:41.809000,2020-11-02 10:58:05.388000,443.579,27,11,0,100,,6AB555FF,United Kingdom,United Kingdom,Part-Time,DATA EXPIRED,English,United Kingdom,Female,Yes
5f9fe488fb0c9a01b29e8b40,5d753f9afaed210001bf2ea0,AWAITING REVIEW,2020-11-02 10:50:51.661000,2020-11-02 10:53:55.757000,184.096,,132,3,98,,6AB555FF,United Kingdom,United Kingdom,Other,English,English,United Kingdom,Female,Yes
5f9fe4981c20c001560ffe11,5eaa97d07eda6e01ec108107,AWAITING REVIEW,2020-11-02 10:51:06.799000,2020-11-02 10:54:02.027000,175.228,21,34,0,100,,6AB555FF,United Kingdom,United Kingdom,Unemployed (and job seeking),English,English,United Kingdom,Female,Yes
5f9fe4a31ced1001018ea37c,5ea721158bfde70ca3b31580,AWAITING REVIEW,2020-11-02 10:51:15.855000,2020-11-02 10:55:22.578000,246.723,27,43,0,100,,6AB555FF,Romania,United Kingdom,Full-Time,Romanian,"Romanian, English",Romania,Female,Yes
5f9fe4d31c20c001560ffe12,5f6b43d30f9f402495c8e5c2,AWAITING REVIEW,2020-11-02 10:52:18.482000,2020-11-02 10:56:00.433000,221.951,45,23,0,100,,6AB555FF,United Kingdom,,Full-Time,,English,United Kingdom,Female,Yes
5f9fe4f8fb448401a6632a21,5eff3f91e8a2850a5d017f9c,AWAITING REVIEW,2020-11-02 10:52:44.100000,2020-11-02 10:55:20.829000,156.729,27,44,2,96,,6AB555FF,United Kingdom,United Kingdom,"Not in paid work (e.g. homemaker', 'retired or disabled)",English,English,United Kingdom,Female,Yes
5f9fe504a91d620150d8da27,5f47e34e733d7f230c29818c,AWAITING REVIEW,2020-11-02 10:52:54.701000,2020-11-02 10:56:05.093000,190.392,23,11,0,100,,6AB555FF,Italy,United Kingdom,Part-Time,,"English, Italian, Spanish, French",Italy,Male,Yes
5f9fe522fde81502509507f1,5e77e5cd23ab77079e09851a,AWAITING REVIEW,2020-11-02 10:53:29.605000,2020-11-02 10:55:55.098000,145.493,18,2,0,100,,6AB555FF,Malaysia,United Kingdom,Other,English,"Malay, English",Malaysia,Male,Yes
5f9fe57e3d9d48024c53794c,5f9efcb010da930d562c23d8,AWAITING REVIEW,2020-11-02 10:55:05.756000,2020-11-02 11:01:12.882000,367.126,19,0,0,100,,6AB555FF,United Kingdom,United Kingdom,"Not in paid work (e.g. homemaker', 'retired or disabled)",,English,United Kingdom,Male,Yes
5f9fe59b3e33cb01a67a8a5b,5e7949a8dafa1e04a1ce49ce,AWAITING REVIEW,2020-11-02 10:55:25.217000,2020-11-02 10:57:56.413000,151.196,18,61,2,97,,6AB555FF,United Kingdom,United Kingdom,Other,English,English,United Kingdom,Female,Yes
5f9fe5abcaa28601a93d3df1,5b8aef321a9fb60001e630c3,AWAITING REVIEW,2020-11-02 10:55:45.034000,2020-11-02 11:00:11.539000,266.505,31,254,1,100,,6AB555FF,Poland,United Kingdom,Full-Time,Polish,"English, Polish",Poland,Male,Yes
5f9fe62ff48f1d0252208b5d,5bfc998d6e6cd80001be4d5d,AWAITING REVIEW,2020-11-02 10:57:54.883000,2020-11-02 11:00:43.176000,168.293,21,135,1,99,,6AB555FF,United Kingdom,United Kingdom,Part-Time,English,"French, English",United Kingdom,Male,Yes
5f9fe63dec2e9e0200b28a8c,5f131bd4d2d19d031cbc7930,AWAITING REVIEW,2020-11-02 11:07:33.463000,2020-11-02 11:09:22.352000,108.889,22,7,0,100,,6AB555FF,United Kingdom,United Kingdom,Other,English,English,United Kingdom,Female,Yes
5f9fe65ffe02270250f24503,5eb4208c076e4723c65d31dd,AWAITING REVIEW,2020-11-02 10:58:41.949000,2020-11-02 11:00:50.153000,128.204,31,72,2,98,,6AB555FF,United Kingdom,United Kingdom,Full-Time,English,"English, Urdu",United Kingdom,Female,Yes
5f9fe67b3523540255d23afe,5db33578fc2558000e7eae2b,AWAITING REVIEW,2020-11-02 10:59:10.583000,2020-11-02 11:01:13.986000,123.403,27,161,0,100,,6AB555FF,United Kingdom,United Kingdom,Full-Time,English,English,United Kingdom,Male,Yes
5f9fe690f820990257a6b67b,5f57f03892080132c51f93f6,AWAITING REVIEW,2020-11-02 10:59:27.990000,2020-11-02 11:03:00.088000,212.098,19,16,1,97,,6AB555FF,United Kingdom,United Kingdom,Due to start a new job within the next month,DATA EXPIRED,"English, French, Kurdish",United Kingdom,Female,Yes
5f9fe6b0cd7d07024e092a40,5f1727b477a05b0508da6b5e,AWAITING REVIEW,2020-11-02 11:00:00.063000,2020-11-02 11:06:32.637000,392.574,27,5,0,100,,6AB555FF,Nigeria,United Kingdom,Part-Time,English,English,Nigeria,Male,Yes
5f9fe6be48b671025d27b678,5f1a01e6cbf55f0d9a4235e9,AWAITING REVIEW,2020-11-02 11:00:14.099000,2020-11-02 11:02:20.768000,126.669,27,24,0,100,,6AB555FF,Nigeria,United Kingdom,Unemployed (and job seeking),English,English,Nigeria,Female,Yes
5f9fe6c0dc7a3902558aa84f,5e25e96fd9ab6083b581ed08,AWAITING REVIEW,2020-11-02 11:00:16.461000,2020-11-02 11:06:02.101000,345.64,22,102,0,100,,6AB555FF,Poland,United Kingdom,Other,Polish,"Polish, English",Poland,Female,Yes
5f9fe6e1d46e0502a9992d15,5e60f7b720abd6000eaf36ed,AWAITING REVIEW,2020-11-02 11:00:53.180000,2020-11-02 11:04:07.386000,194.206,37,116,0,100,,6AB555FF,United Kingdom,United Kingdom,Full-Time,English,English,United Kingdom,Female,Yes
5f9fe6e5a6ef5601fce44a6e,5f6e1ae429ca17301e49a192,AWAITING REVIEW,2020-11-02 11:00:53.478000,2020-11-02 11:03:00.232000,126.754,21,27,0,100,,6AB555FF,United Kingdom,United Kingdom,Other,,English,United Kingdom,Female,Yes
5f9fe6ed69aca801b0e90eb0,5c993037a103c80001451799,AWAITING REVIEW,2020-11-02 11:01:04.656000,2020-11-02 11:02:42.545000,97.889,29,182,2,100,,6AB555FF,United Kingdom,United Kingdom,Full-Time,English,English,United Kingdom,Male,Yes
5f9fe6f04f22f701a9917746,5dd0a6c48a3c5e17b0668046,AWAITING REVIEW,2020-11-02 11:01:10.786000,2020-11-02 11:03:35.616000,144.83,19,43,0,100,,6AB555FF,United Kingdom,United Kingdom,Part-Time,Bengali,"Bengali, English",United Kingdom,Female,Yes
5f9fe7043e33cb01f808f969,5e87c4c242701c45712423d9,AWAITING REVIEW,2020-11-02 11:01:24.367000,2020-11-02 11:03:14.261000,109.894,20,138,0,100,,6AB555FF,United Kingdom,United Kingdom,Other,English,"English, Japanese",United Kingdom,Female,Yes
5f9fe70589210101ab3a75ec,5efde4d18d99db26595128a1,AWAITING REVIEW,2020-11-02 11:01:39.251000,2020-11-02 11:03:13.856000,94.605,26,22,0,100,,6AB555FF,United Kingdom,United Kingdom,Full-Time,English,English,United Kingdom,Male,Yes
5f9fe70779a69d0252687806,5c6564046f2502000129f294,AWAITING REVIEW,2020-11-02 11:01:34.076000,2020-11-02 11:04:35.092000,181.016,22,88,0,101,,6AB555FF,United Kingdom,United Kingdom,Part-Time,English,"French, English",United Kingdom,Female,Yes
5f9fe724c7885d02563097b0,5e4bc4eb2e6151011d4ecb14,AWAITING REVIEW,2020-11-02 11:01:56.402000,2020-11-02 11:03:21.234000,84.832,19,9,0,100,,6AB555FF,Austria,United Kingdom,Unemployed (and job seeking),Serbian,"Serbian, German, English, Russian",Austria,Female,Yes
5f9fe73a8d5f8f0255cb3b8b,5f60d8caba1ab304f1fe19eb,AWAITING REVIEW,2020-11-02 11:02:18.960000,2020-11-02 11:04:44.199000,145.239,21,27,0,100,,6AB555FF,Czech Republic,United Kingdom,"Not in paid work (e.g. homemaker', 'retired or disabled)",,English,United Kingdom,Male,Yes
5f9fe73b842c7001fd86ab0f,5f6a4779c24e870dbd45d987,AWAITING REVIEW,2020-11-02 11:02:19.282000,2020-11-02 11:04:05.825000,106.543,24,17,1,99,,6AB555FF,Hong Kong,United Kingdom,Due to start a new job within the next month,,"Chinese, English",United Kingdom,Male,Yes
5f9fe73c028c5001fb258330,5f903ace3e172508575e9444,AWAITING REVIEW,2020-11-02 11:02:20.784000,2020-11-02 11:05:08.547000,167.763,23,0,0,100,,6AB555FF,United Kingdom,,Full-Time,,English,United Kingdom,Female,Yes
5f9fe747e154e801aaba7d37,5f7afb469e43b9015ef53b9f,AWAITING REVIEW,2020-11-02 11:02:34.480000,2020-11-02 11:05:00.570000,146.09,54,21,0,100,,6AB555FF,United Kingdom,United Kingdom,Other,,English,United Kingdom,Female,Yes
5f9fe75d22578b0200524423,5ec94c415b7920456c117cbe,AWAITING REVIEW,2020-11-02 11:02:53.072000,2020-11-02 11:05:50.304000,177.232,22,30,0,100,,6AB555FF,United Kingdom,,Part-Time,English,English,United Kingdom,Female,Yes
5f9fe76159dc5d01a8dbd68b,5f7f93b7e87e8815a7ad1bf1,AWAITING REVIEW,2020-11-02 11:02:57.961000,2020-11-02 11:05:06.131000,128.17,19,17,0,100,,6AB555FF,United Kingdom,United Kingdom,Other,,,United Kingdom,Female,Yes
5f9fe79b4cc73901a7657058,5e7772003da1362dc44fdea9,TIMED-OUT,2020-11-02 11:03:55.561000,,34773.726594,24,87,0,100,,,Romania,United Kingdom,Unemployed (and job seeking),Romanian,"Romanian, English, French",Romania,Female,Yes
5f9fe7e0125c5601a7e8e2a2,5e49a1928a2a3f000aa0b802,AWAITING REVIEW,2020-11-02 11:05:06.149000,2020-11-02 11:06:45.998000,99.849,29,117,0,100,,6AB555FF,United Kingdom,United Kingdom,Full-Time,English,English,United Kingdom,Female,Yes
5f9fe7fd333856020232e1b9,5ed80aebb1cd3b12cd6a9bb5,AWAITING REVIEW,2020-11-02 11:05:36.336000,2020-11-02 11:10:00.535000,264.199,23,37,0,100,,6AB555FF,United Kingdom,United Kingdom,Unemployed (and job seeking),English,English,United Kingdom,Female,Yes
5f9fe80ceac91401ad4af3c8,5e9631ad46d0e20b50650a6a,AWAITING REVIEW,2020-11-02 11:05:52.803000,2020-11-02 11:08:06.652000,133.849,19,143,1,100,,6AB555FF,India,United Kingdom,Unemployed (and job seeking),Malayalam,English,United Kingdom,Male,Yes
5f9fe81f673a73025079fe76,5aa926bdf053610001411bf8,AWAITING REVIEW,2020-11-02 11:06:09.428000,2020-11-02 11:10:14.060000,244.632,27,534,5,99,,6AB555FF,United Kingdom,United Kingdom,Part-Time,English,English,United Kingdom,Female,Yes
5f9fe84824a1d10256aaa795,5c23c651d9435800010b7e48,AWAITING REVIEW,2020-11-02 11:07:19.109000,2020-11-02 11:13:25.061000,365.952,40,390,1,100,,6AB555FF,Germany,United Kingdom,Part-Time,German,"English, German",Germany,Female,Yes
5f9fe84adc7a3902a9f1b1f5,55b7c926fdf99b2d22072739,AWAITING REVIEW,2020-11-02 11:06:53.842000,2020-11-02 11:09:13.492000,139.65,24,222,0,100,,6AB555FF,United Kingdom,United Kingdom,Other,English,English,United Kingdom,Female,Yes
5f9fe85b15ff880252480444,5eb3180b1cfc100f09a7015a,AWAITING REVIEW,2020-11-02 11:07:17.119000,2020-11-02 11:09:02.313000,105.194,20,92,1,100,,6AB555FF,United Kingdom,United Kingdom,Part-Time,English,English,United Kingdom,Female,Yes
5f9fe85ffe022701aa5d7dad,5cb0d94aff629100171b05b1,AWAITING REVIEW,2020-11-02 11:07:11.237000,2020-11-02 11:09:45.299000,154.062,39,462,5,99,,6AB555FF,United Kingdom,United Kingdom,Full-Time,English,English,United Kingdom,Male,Yes
5f9fe86d7d35ea020383012e,57c95ec2c6c5ed00013fa343,AWAITING REVIEW,2020-11-02 11:07:25.726000,2020-11-02 11:11:34.650000,248.924,30,199,1,100,,6AB555FF,Sweden,United Kingdom,Other,Swedish,"Norwegian, Spanish, Swedish, English",Sweden,Female,Yes
5f9fe8802644ec02028750db,5f9c0080868a69015227cb6b,AWAITING REVIEW,2020-11-02 11:07:47.817000,2020-11-02 11:09:44.604000,116.787,20,3,0,100,,6AB555FF,United Kingdom,United Kingdom,Part-Time,,English,United Kingdom,Female,Yes
5f9fe897ccb53102af394a54,5f2344d7da440d039a4889d7,AWAITING REVIEW,2020-11-02 11:08:12.052000,2020-11-02 11:09:58.186000,106.134,19,57,0,101,,6AB555FF,United Kingdom,United Kingdom,Unemployed (and job seeking),English,English,United Kingdom,Female,Yes
5f9fe8bbe7acbf01a796fb55,5f610965f358ec05e6e10d7a,AWAITING REVIEW,2020-11-02 11:08:45.788000,2020-11-02 11:12:11.817000,206.029,21,33,0,100,,6AB555FF,United Kingdom,United Kingdom,Part-Time,DATA EXPIRED,English,United Kingdom,Female,Yes
5f9fe8d5ff800902b4711630,5f9c3084b4af1c085fff54b7,AWAITING REVIEW,2020-11-02 11:09:15.732000,2020-11-02 11:11:28.459000,132.727,19,1,0,100,,6AB555FF,United Kingdom,United Kingdom,Other,,English,United Kingdom,Female,Yes
5f9fe8d6dd97bb024f3328c1,5c6e992b9d7a31000146fd95,AWAITING REVIEW,2020-11-02 11:09:14.370000,2020-11-02 11:13:00.433000,226.063,28,220,5,97,,6AB555FF,Italy,United Kingdom,Part-Time,Italian,"Italian, English",Italy,Female,Yes
5f9fe8f2da0144030d043eb5,5f96ecc8373a81020c60b7de,AWAITING REVIEW,2020-11-02 11:09:42.829000,2020-11-02 11:14:00.968000,258.139,21,3,0,100,,6AB555FF,United Kingdom,United Kingdom,Part-Time,,English,United Kingdom,Female,Yes
5f9fe8f5575c4202550116e1,58505d5b89f4a8000152bf2f,AWAITING REVIEW,2020-11-02 11:10:00.996000,2020-11-02 11:12:34.339000,153.343,38,103,0,100,,6AB555FF,United Kingdom,United Kingdom,Full-Time,English,English,United Kingdom,Female,Yes
5f9fe8fe35235402a92b9ab1,5c8119441c40f30001b464b1,AWAITING REVIEW,2020-11-02 11:09:54.745000,2020-11-02 11:11:52.655000,117.91,23,165,1,100,,6AB555FF,United Kingdom,United Kingdom,Part-Time,English,English,United Kingdom,Male,Yes
5f9fe9017a75ff01f93dde95,5a8c508bf1408d000176bb58,AWAITING REVIEW,2020-11-02 11:09:58.793000,2020-11-02 11:15:12.569000,313.776,25,41,1,100,,6AB555FF,United Kingdom,United Kingdom,Full-Time,English,English,United Kingdom,Female,Yes
5f9fe90b30876902a7d323ed,5db853720f6ebd000ba94ed8,AWAITING REVIEW,2020-11-02 11:10:07.776000,2020-11-02 11:12:36.778000,149.002,27,102,0,100,,6AB555FF,United Kingdom,United Kingdom,Unemployed (and job seeking),English,English,United Kingdom,Female,Yes
5f9fe927ca4dfa0255cc4667,5ece2f54b53e7d1af98b011c,AWAITING REVIEW,2020-11-02 11:10:43.969000,2020-11-02 11:13:54.675000,190.706,29,125,1,100,,6AB555FF,United Kingdom,United Kingdom,Full-Time,English,English,United Kingdom,Male,Yes
5f9fe93101a9a502527464e2,5e5f715ddcec7b2acb5bba54,AWAITING REVIEW,2020-11-02 11:10:44.132000,2020-11-02 11:14:11.035000,206.903,24,200,0,100,,6AB555FF,United Kingdom,United Kingdom,Part-Time,English,English,United Kingdom,Female,Yes
5f9fe938921b9001ab7f9edb,5cb0a3f60672270001bf53e8,AWAITING REVIEW,2020-11-02 11:10:48.907000,2020-11-02 11:13:12.958000,144.051,24,169,1,100,,6AB555FF,United Kingdom,United Kingdom,"Not in paid work (e.g. homemaker', 'retired or disabled)",English,English,United Kingdom,Female,Yes
5f9fe940d409c6025024e8fc,5e428c10862600119b1bf307,AWAITING REVIEW,2020-11-02 11:11:02.763000,2020-11-02 11:15:13.799000,251.036,37,76,2,97,,6AB555FF,United Kingdom,United Kingdom,Full-Time,English,English,United Kingdom,Female,Yes
5f9fe956f05dcf02074884cd,5f9d21a3607bcd22252a714c,AWAITING REVIEW,2020-11-02 11:11:21.660000,2020-11-02 11:13:46.803000,145.143,44,3,0,100,,6AB555FF,United Kingdom,United Kingdom,Full-Time,,English,United Kingdom,Female,Yes
5f9fe963846d6002b072adb7,5f68e069c74f3f0775307fc6,AWAITING REVIEW,2020-11-02 11:11:37.819000,2020-11-02 11:13:32.596000,114.777,36,13,0,100,,6AB555FF,United Kingdom,,Full-Time,,English,United Kingdom,Female,Yes
5f9fe9643f3cc901a9329d7e,5f80b0929d9b4412932b3636,AWAITING REVIEW,2020-11-02 11:11:32.028000,2020-11-02 11:13:10.846000,98.818,22,21,0,100,,6AB555FF,United Kingdom,United Kingdom,Part-Time,DATA EXPIRED,"English, Urdu",United Kingdom,Male,Yes
5f9fe970ccb531030292401a,5de016f1a63c7b0947c54c6b,AWAITING REVIEW,2020-11-02 11:11:44.195000,2020-11-02 11:17:36.337000,352.142,28,129,2,100,,6AB555FF,Russian Federation,United Kingdom,Other,Greek,"English, Russian, Greek",Greece,Female,Yes
5f9fe97794684401ac746afe,5d4d73167ec86f001a21fd79,AWAITING REVIEW,2020-11-02 11:11:56.188000,2020-11-02 11:17:08.757000,312.569,19,66,0,100,,6AB555FF,United Kingdom,United Kingdom,Other,English,English,United Kingdom,Female,Yes
5f9fe978d46e0502549a542d,5f0c7207bc55e4415099f61c,AWAITING REVIEW,2020-11-02 11:11:55.167000,2020-11-02 11:14:04.894000,129.727,18,31,1,100,,6AB555FF,United Kingdom,United Kingdom,Part-Time,English,English,United Kingdom,Female,Yes
5f9fe97c960bad01abaa1950,5f2e589cdc868c1c082465f4,AWAITING REVIEW,2020-11-02 11:11:56.694000,2020-11-02 11:13:56.903000,120.209,23,51,1,100,,6AB555FF,United Kingdom,United Kingdom,Other,DATA EXPIRED,English,United Kingdom,Male,Yes
5f9fe97d3e5d530200adfbbd,5adf629ddee8590001b05f7b,AWAITING REVIEW,2020-11-02 11:12:00.071000,2020-11-02 11:16:04.256000,244.185,30,123,1,100,,6AB555FF,Greece,United Kingdom,Full-Time,Greek,English,Greece,Female,Yes
5f9fe998caa28602ab22d75c,5acbd2ea436f550001002904,AWAITING REVIEW,2020-11-02 11:12:27.412000,2020-11-02 11:13:50.595000,83.183,21,225,3,99,,6AB555FF,United Kingdom,United Kingdom,"Not in paid work (e.g. homemaker', 'retired or disabled)",English,English,United Kingdom,Male,Yes
5f9fe99a1c20c002a5befd9f,5f69e100d08cff01c38efba6,AWAITING REVIEW,2020-11-02 11:12:39.375000,2020-11-02 11:15:17.212000,157.837,18,24,0,100,,6AB555FF,United Kingdom,United Kingdom,Part-Time,DATA EXPIRED,English,United Kingdom,Female,Yes
5f9fe9a3755a290200a77dad,5e3c7cf5eaf82406cfd6b815,AWAITING REVIEW,2020-11-02 11:12:45.494000,2020-11-02 11:15:00.182000,134.688,55,148,0,100,,6AB555FF,United Kingdom,United Kingdom,"Not in paid work (e.g. homemaker', 'retired or disabled)",English,English,United Kingdom,Female,Yes
5f9fe9bc3d9d4801a798922c,5dbe0fff15de0132ac0e6d1e,AWAITING REVIEW,2020-11-02 11:13:03.471000,2020-11-02 11:15:07.264000,123.793,24,231,1,100,,6AB555FF,United Kingdom,United Kingdom,Other,English,English,United Kingdom,Female,Yes
5f9fe9c1f48f1d03042204fb,5f117fa39bca135207d424d3,AWAITING REVIEW,2020-11-02 11:13:08.256000,2020-11-02 11:17:22.745000,254.489,21,47,1,99,,6AB555FF,United Kingdom,United Kingdom,Part-Time,English,English,United Kingdom,Female,Yes
5f9fe9c8611ac60256cbd844,5e724d9eafe9d90680b0766a,AWAITING REVIEW,2020-11-02 11:13:21.833000,2020-11-02 11:17:35.422000,253.589,18,21,1,99,,6AB555FF,United Kingdom,United Kingdom,Other,English,English,United Kingdom,Female,Yes
5f9fe9ce9229d002f82f889f,5f88a0acf001bb06cdf50449,AWAITING REVIEW,2020-11-02 11:13:21.088000,2020-11-02 11:15:04.120000,103.032,19,8,0,100,,6AB555FF,United Kingdom,United Kingdom,Other,DATA EXPIRED,English,United Kingdom,Female,Yes
5f9fe9d0675288025249c014,5f985447d7631f0f58dddbbd,AWAITING REVIEW,2020-11-02 11:13:28.325000,2020-11-02 11:17:31.836000,243.511,22,3,0,100,,6AB555FF,Germany,United Kingdom,,,"English, German",United Kingdom,Female,Yes
5f9fe9d4dd97bb02aaffc5d9,5f5d4a91bacc025992479115,AWAITING REVIEW,2020-11-02 11:13:26.815000,2020-11-02 11:16:10.728000,163.913,20,16,0,100,,6AB555FF,United Kingdom,United Kingdom,Full-Time,,"Dari, English",United Kingdom,Female,Yes
5f9fe9d8d9035c01fdce4b2c,5cd6d5a4efab0c0001d08922,AWAITING REVIEW,2020-11-02 11:13:30.184000,2020-11-02 11:16:01.964000,151.78,21,192,0,100,,6AB555FF,United Kingdom,United Kingdom,Other,English,English,United Kingdom,Male,Yes
5f9fe9d986f3b602acec6275,5dcecbe1f3b7c201a9f37264,RETURNED,2020-11-02 11:23:29.523000,,33607.640321,21,185,1,100,,,CONSENT REVOKED,CONSENT REVOKED,CONSENT REVOKED,CONSENT REVOKED,CONSENT REVOKED,CONSENT REVOKED,CONSENT REVOKED,CONSENT REVOKED
5f9fe9e4c0c62e02b2b693c3,5f11ac129e9bae048584e875,AWAITING REVIEW,2020-11-02 11:13:40.829000,2020-11-02 11:19:35.172000,354.343,21,10,0,100,,6AB555FF,Czech Republic,United Kingdom,Part-Time,Czech,"English, Czech",Czech Republic,Female,Yes
5f9fe9eb14b7a10209393480,5da0846e3c503a0012d7455a,AWAITING REVIEW,2020-11-02 11:13:50.816000,2020-11-02 11:16:06.388000,135.572,22,103,1,100,,6AB555FF,Malaysia,United Kingdom,Part-Time,Malay,"English, Indonesian, Malay",Malaysia,Male,Yes
5f9fe9f15da4dc02ad407b32,5f140ed5565000448d082e16,AWAITING REVIEW,2020-11-02 11:13:59.279000,2020-11-02 11:15:50.407000,111.128,19,20,0,100,,6AB555FF,India,United Kingdom,"Not in paid work (e.g. homemaker', 'retired or disabled)",English,"Bengali, English",Ireland,Female,Yes
5f9fe9fa921b9002a9621df9,5ea6db215a4011076de48877,AWAITING REVIEW,2020-11-02 11:14:21.710000,2020-11-02 11:16:45.717000,144.007,22,17,0,100,,6AB555FF,Greece,United Kingdom,Part-Time,Greek,English,United Kingdom,Female,Yes
5f9fea0b6f3ece01adc86f19,5f96f17d1a4b5702788bb5ba,AWAITING REVIEW,2020-11-02 11:14:23.631000,2020-11-02 11:16:52.311000,148.68,25,7,0,100,,6AB555FF,United Kingdom,United Kingdom,Part-Time,,English,United Kingdom,Female,Yes
5f9fea20c2db9f02af3b5e5b,5d494efbc83d9f00012610af,AWAITING REVIEW,2020-11-02 11:14:43.076000,2020-11-02 11:17:12.432000,149.356,22,149,2,100,,6AB555FF,United Kingdom,United Kingdom,Part-Time,English,English,United Kingdom,Female,Yes
5f9fea2a0b633102580b8cb8,5e2afb5b970346000a080075,AWAITING REVIEW,2020-11-02 11:14:57.222000,2020-11-02 11:17:37.633000,160.411,25,7,0,100,,6AB555FF,United Kingdom,,Part-Time,English,English,United Kingdom,Female,Yes
5f9fea31d9581e01abbfa919,5f98a6403dd8d91b73a2ab89,AWAITING REVIEW,2020-11-02 11:15:16.423000,2020-11-02 11:17:48.937000,152.514,24,0,0,100,,6AB555FF,Philippines,United Kingdom,Full-Time,,"Tagalog-Filipino, English",United Kingdom,Female,Yes
5f9fea40fc92ef01ac40d606,5e7a4f0bab558a02ff3eeb61,AWAITING REVIEW,2020-11-02 11:15:12.062000,2020-11-02 11:16:50.496000,98.434,23,97,0,100,,6AB555FF,Poland,United Kingdom,Part-Time,Polish,"Polish, English",Poland,Female,Yes
5f9fea4d6dd0b802517d84c1,5f00f321c6d8de23b286a7ef,AWAITING REVIEW,2020-11-02 11:15:30.197000,2020-11-02 11:17:26.081000,115.884,20,55,0,100,,6AB555FF,United Kingdom,United Kingdom,Unemployed (and job seeking),English,English,United Kingdom,Female,Yes
5f9fea5422f11301ac51484b,5f2401e12ecae8039a63618d,AWAITING REVIEW,2020-11-02 11:15:34.002000,2020-11-02 11:17:17.384000,103.382,19,67,1,100,,6AB555FF,United Kingdom,United Kingdom,Unemployed (and job seeking),English,English,United Kingdom,Female,Yes
5f9fea58c0c62e01ae7a60a0,5e6e244a1814a43cc31f430a,AWAITING REVIEW,2020-11-02 11:15:39.108000,2020-11-02 11:17:41.143000,122.035,20,150,0,100,,6AB555FF,United Kingdom,United Kingdom,Other,English,English,United Kingdom,Female,Yes
5f9fea8196edda0303531db9,5f31198616a1ff5a28b68fbf,AWAITING REVIEW,2020-11-02 11:16:30.536000,2020-11-02 11:17:51.914000,81.378,26,55,0,100,,6AB555FF,United Kingdom,United Kingdom,Part-Time,DATA EXPIRED,English,United Kingdom,Male,Yes
5f9fea85c1b9cf02a7a5205b,5c973f7fc428fa0016cf0fa7,AWAITING REVIEW,2020-11-02 11:16:37.120000,2020-11-02 11:20:40.367000,243.247,21,159,1,100,,6AB555FF,United Kingdom,United Kingdom,Unemployed (and job seeking),English,English,United Kingdom,Male,Yes
5f9fea874d5f620252f0884a,5d61a78c6512d700179fad0e,AWAITING REVIEW,2020-11-02 11:16:29.962000,2020-11-02 11:19:56.047000,206.085,30,47,1,100,,6AB555FF,Romania,United Kingdom,Full-Time,Romanian,"English, Romanian, Spanish",Romania,Female,Yes
5f9fea8a89210102b944854d,5f999e9b0a5b3302594204bb,AWAITING REVIEW,2020-11-02 11:16:26.706000,2020-11-02 11:20:31.184000,244.478,20,0,0,100,,6AB555FF,United Kingdom,United Kingdom,Part-Time,,English,United Kingdom,Female,Yes
5f9fea93a6658402566d739f,5f65cf7c66875b15254e554e,AWAITING REVIEW,2020-11-02 11:16:35.632000,2020-11-02 11:18:40.513000,124.881,23,15,0,100,,6AB555FF,Slovakia,United Kingdom,Part-Time,,"Czech, Slovak, English",Slovakia,Female,Yes
5f9fea96fc30cf02b1ea7801,5f343b0f19d95a30e188ee9f,AWAITING REVIEW,2020-11-02 11:16:43.883000,2020-11-02 11:19:07.939000,144.056,22,50,0,100,,6AB555FF,United Kingdom,United Kingdom,"Not in paid work (e.g. homemaker', 'retired or disabled)",DATA EXPIRED,"English, German",United Kingdom,Female,Yes
5f9fea9f0b633102af2d5cf9,5c87b4fc7e3a9f0016245fde,AWAITING REVIEW,2020-11-02 11:16:50.538000,2020-11-02 11:19:03.087000,132.549,21,393,5,99,,6AB555FF,United Kingdom,United Kingdom,Unemployed (and job seeking),English,"English, Pashto, Arabic",United Kingdom,Female,Yes
5f9feaa4fde81501aaf0e1ed,5e6d90e61689b0361c2bd7e1,AWAITING REVIEW,2020-11-02 11:16:52.749000,2020-11-02 11:18:17.799000,85.05,20,87,0,100,,6AB555FF,Romania,United Kingdom,Unemployed (and job seeking),Romanian,"English, Romanian",Romania,Male,Yes
5f9feab224c6ae02b167b111,5e99f1ab02672c06c51487bd,AWAITING REVIEW,2020-11-02 11:17:06.872000,2020-11-02 11:19:17.341000,130.469,22,125,0,100,,6AB555FF,United Kingdom,United Kingdom,Full-Time,English,English,United Kingdom,Male,Yes
5f9feab4a692ad024fe8afc5,5e6a53649dae0e000cbe6857,AWAITING REVIEW,2020-11-02 11:17:21.755000,2020-11-02 11:20:21.417000,179.662,29,100,0,101,,6AB555FF,Sweden,United Kingdom,Full-Time,Swedish,"English, Swedish",Sweden,Female,Yes
5f9feadd8e537102b317dbdc,5ce14af5836810000178d8bb,AWAITING REVIEW,2020-11-02 11:18:00.366000,2020-11-02 11:26:39.091000,518.725,23,92,0,101,,6AB555FF,Slovakia,United Kingdom,Part-Time,Slovak,"Czech, Slovak, English",Slovakia,Female,Yes
5f9feaf52a0b1d02a91967dd,5f69d7337c7dbf0008b2e6d2,AWAITING REVIEW,2020-11-02 11:18:17.053000,2020-11-02 11:31:05.069000,768.016,19,9,0,100,,6AB555FF,United Kingdom,United Kingdom,Unemployed (and job seeking),,English,United Kingdom,Male,Yes
5f9feb0b33302703044af77d,5eb1e23ebf6e0032a2571367,AWAITING REVIEW,2020-11-02 11:18:36.803000,2020-11-02 11:20:36.108000,119.305,20,84,1,100,,6AB555FF,United Kingdom,United Kingdom,Unemployed (and job seeking),English,English,United Kingdom,Female,Yes
5f9feb0eec2e9e02a9a97669,5e982fff8aed7f012583e8e7,AWAITING REVIEW,2020-11-02 11:18:38.147000,2020-11-02 11:22:11.141000,212.994,31,119,0,100,,6AB555FF,Vietnam,United Kingdom,Other,Vietnamese,English,Vietnam,Female,Yes
5f9feb18d91aa302a411d51d,5ede418ca9b96f06161a20e0,AWAITING REVIEW,2020-11-02 11:18:48.074000,2020-11-02 11:20:50.645000,122.571,23,35,2,94,,6AB555FF,Cyprus,United Kingdom,Unemployed (and job seeking),Russian,"English, Russian",Cyprus,Female,Yes
5f9feb2ca545cd02aacb9a17,5ecc0b5614e1260be3ff6052,AWAITING REVIEW,2020-11-02 11:19:18.312000,2020-11-02 11:22:08.810000,170.498,32,163,0,100,,6AB555FF,United Kingdom,United Kingdom,Full-Time,English,English,United Kingdom,Female,Yes
5f9feb2eec704802ae9d7173,5f6b2dc9c5ebb421370b5f7b,AWAITING REVIEW,2020-11-02 11:19:12.515000,2020-11-02 11:21:30.165000,137.65,20,13,0,100,,6AB555FF,United Kingdom,United Kingdom,"Not in paid work (e.g. homemaker', 'retired or disabled)",,English,United Kingdom,Male,Yes
5f9feb2fdcacc002a0e5740d,5f33cac684d9d9065dad86a8,AWAITING REVIEW,2020-11-02 11:19:13.928000,2020-11-02 11:21:43.037000,149.109,19,19,0,100,,6AB555FF,Romania,United Kingdom,Unemployed (and job seeking),DATA EXPIRED,"Romanian, English, French",Romania,Female,Yes
5f9feb32126b1b02ae63cf12,5d7bb2b8bbfa960018fa2d9d,AWAITING REVIEW,2020-11-02 11:19:19.461000,2020-11-02 11:21:45.637000,146.176,23,182,4,99,,6AB555FF,United Kingdom,United Kingdom,Full-Time,English,English,United Kingdom,Female,Yes
5f9feb335fe07602ada0e3fd,5f58c51ec2465204eab77036,AWAITING REVIEW,2020-11-02 11:19:20.696000,2020-11-02 11:22:02.900000,162.204,21,10,0,100,,6AB555FF,United Kingdom,United Kingdom,Part-Time,,"English, French, Hindi, Punjabi",United Kingdom,Female,Yes
5f9feb3d59dc5d0250ed50a2,5f9eab308e503705011ad793,AWAITING REVIEW,2020-11-02 11:19:32.054000,2020-11-02 11:21:33.251000,121.197,18,1,0,100,,6AB555FF,United Kingdom,United Kingdom,Other,,English,United Kingdom,Female,Yes
5f9feb4ac7885d02ade95a87,5eda19fa68ef200309777c96,AWAITING REVIEW,2020-11-02 11:19:38.058000,2020-11-02 11:22:16.013000,157.955,19,109,0,101,,6AB555FF,United Kingdom,United Kingdom,Other,English,English,United Kingdom,Female,Yes
5f9feb56c2db9f02af3b5e60,5ed91ca79e50c2472f4045a2,AWAITING REVIEW,2020-11-02 11:19:56.533000,2020-11-02 11:22:41.732000,165.199,37,100,0,100,,6AB555FF,United Kingdom,United Kingdom,"Not in paid work (e.g. homemaker', 'retired or disabled)",English,English,United Kingdom,Female,Yes
5f9feb5b14b7a10306c23b2b,5ee5162df29f760a66fb6cad,AWAITING REVIEW,2020-11-02 11:20:00.529000,2020-11-02 11:23:05.338000,184.809,20,55,0,100,,6AB555FF,United Kingdom,United Kingdom,Unemployed (and job seeking),English,English,United Kingdom,Male,Yes
5f9feb5cd13ad002fcdffd98,5f67377af1af6f32004161cd,AWAITING REVIEW,2020-11-02 11:20:06.325000,2020-11-02 11:23:07.511000,181.186,25,31,0,100,,6AB555FF,Australia,United Kingdom,Full-Time,DATA EXPIRED,"English, Greek",Greece,Male,Yes
5f9feb6130876902fb449490,5f4024f6ea5204135f6d7a42,AWAITING REVIEW,2020-11-02 11:20:05.037000,2020-11-02 11:23:11.414000,186.377,18,45,1,100,,6AB555FF,United Kingdom,United Kingdom,Part-Time,DATA EXPIRED,English,United Kingdom,Female,Yes
5f9feb629468440354c6ee77,5f11d481902ff50b23166de1,AWAITING REVIEW,2020-11-02 11:20:02.109000,2020-11-02 11:24:47.009000,284.9,20,57,0,100,,6AB555FF,United Kingdom,United Kingdom,Other,English,English,United Kingdom,Female,Yes
5f9feb63b3f749030233cf55,5e201890d6b7e131dd2bb2dd,AWAITING REVIEW,2020-11-02 11:20:06.018000,2020-11-02 11:22:51.952000,165.934,19,216,0,100,,6AB555FF,United Kingdom,United Kingdom,Part-Time,English,English,United Kingdom,Female,Yes
5f9feb6633385602aac86973,5f06cdb0b667ed23a7c039ad,AWAITING REVIEW,2020-11-02 11:20:08.181000,2020-11-02 11:21:43.340000,95.159,18,26,1,99,,6AB555FF,United Kingdom,United Kingdom,Other,English,English,United Kingdom,Male,Yes
5f9feb7391092d0206dcf4e2,5cc369725986a4001b4e9041,AWAITING REVIEW,2020-11-02 11:20:47.533000,2020-11-02 11:25:06.324000,258.791,30,332,2,100,,6AB555FF,United Kingdom,United Kingdom,Full-Time,English,English,United Kingdom,Female,Yes
5f9feb7d7d35ea02aaeecad8,5f770892937cb105ee336e43,AWAITING REVIEW,2020-11-02 11:20:41.450000,2020-11-02 11:23:14.642000,153.192,19,19,0,100,,6AB555FF,United Kingdom,United Kingdom,Other,DATA EXPIRED,English,United Kingdom,Female,Yes
5f9feb91dbc18f02534b4575,5e7629e7b6b83e01143a20fe,AWAITING REVIEW,2020-11-02 11:20:52.454000,2020-11-02 11:22:35.876000,103.422,22,113,1,100,,6AB555FF,Pakistan,United Kingdom,Part-Time,English,"Hindi, Italian, Urdu, English",Italy,Female,Yes
5f9feba3dcb2f102ad3b532a,5f8de9a734f520173c8cd86f,AWAITING REVIEW,2020-11-02 11:21:11.061000,2020-11-02 11:22:45.595000,94.534,22,6,0,100,,6AB555FF,United Kingdom,,Other,,English,United Kingdom,Male,Yes
5f9feba56d681b02a951c37e,5e85dd630d7d0a1dbe601308,AWAITING REVIEW,2020-11-02 11:21:14.337000,2020-11-02 11:27:05.777000,351.44,47,100,0,101,,6AB555FF,United Kingdom,United Kingdom,Unemployed (and job seeking),English,English,United Kingdom,Male,Yes
5f9feba6d9e90502b325be2a,5ea4235890d52b3c59125f7b,AWAITING REVIEW,2020-11-02 11:26:27.711000,2020-11-02 11:28:32.261000,124.55,29,190,0,100,,6AB555FF,United Kingdom,United Kingdom,Part-Time,English,English,United Kingdom,Female,Yes
5f9febab8c7a4b02abcf5046,5e6390db8a25da10a0ca6eca,AWAITING REVIEW,2020-11-02 11:21:15.108000,2020-11-02 11:23:37.855000,142.747,31,217,0,100,,6AB555FF,United Kingdom,United Kingdom,Full-Time,English,English,United Kingdom,Male,Yes
5f9febaf111898030a9f37bb,5ef5c4db3ce68a02806df888,AWAITING REVIEW,2020-11-02 11:21:22.199000,2020-11-02 11:24:45.860000,203.661,30,98,1,99,,6AB555FF,United Kingdom,United Kingdom,Full-Time,English,English,United Kingdom,Male,Yes
5f9febb8a91d620255bf0f8e,5d2202ffa80a600017d967b5,AWAITING REVIEW,2020-11-02 11:21:31.465000,2020-11-02 11:24:02.782000,151.317,19,321,0,100,,6AB555FF,United Kingdom,United Kingdom,Unemployed (and job seeking),English,English,United Kingdom,Female,Yes
5f9febb805b6dc01aac20a80,5ec43d07622b9730e2ae46b7,AWAITING REVIEW,2020-11-02 11:21:28.625000,2020-11-02 11:26:17.715000,289.09,20,54,0,100,,6AB555FF,United Kingdom,United Kingdom,Unemployed (and job seeking),English,English,United Kingdom,Male,Yes
5f9febba60575c02a78671bf,5f58f55dbf27550b01e8dfb3,AWAITING REVIEW,2020-11-02 11:22:58.338000,2020-11-02 11:25:57.336000,178.998,22,45,0,100,,6AB555FF,United Kingdom,United Kingdom,Other,DATA EXPIRED,English,United Kingdom,Female,Yes
5f9febbdeb78640300287c17,5f23f85081070f035e65bc81,AWAITING REVIEW,2020-11-02 11:21:44.923000,2020-11-02 11:23:29.924000,105.001,20,37,1,100,,6AB555FF,United Kingdom,United Kingdom,Full-Time,,"English, French",United Kingdom,Female,Yes
5f9febc5a6ef5602f9bca18c,556dcc18fdf99b3ec7b62dc3,AWAITING REVIEW,2020-11-02 11:21:41.231000,2020-11-02 11:23:00.745000,79.514,36,222,2,100,,6AB555FF,United Kingdom,United Kingdom,Full-Time,English,English,United Kingdom,Female,Yes
5f9febdabee98d02ae93f3ca,5f76f50e1dec7f1a73621afb,AWAITING REVIEW,2020-11-02 11:22:02.886000,2020-11-02 11:23:50.813000,107.927,19,24,0,100,,6AB555FF,United Kingdom,United Kingdom,Unemployed (and job seeking),DATA EXPIRED,English,United Kingdom,Male,Yes
5f9febdb22f11302aa399abe,5d1626efdb7eb7001af1a833,AWAITING REVIEW,2020-11-02 11:22:03.414000,2020-11-02 11:25:08.358000,184.944,31,367,0,100,,6AB555FF,United Kingdom,United Kingdom,Full-Time,English,English,United Kingdom,Male,Yes
5f9febdf783f340255e11182,5e0d967dbbaeff4f1003e941,AWAITING REVIEW,2020-11-02 11:22:06.802000,2020-11-02 11:23:33.529000,86.727,29,56,0,100,,6AB555FF,United Kingdom,United Kingdom,Part-Time,English,English,United Kingdom,Female,Yes
5f9febff89210102b9448552,5edfbf8606e3cc2c3693d9bd,AWAITING REVIEW,2020-11-02 11:22:42.522000,2020-11-02 11:24:54.780000,132.258,29,79,0,101,,6AB555FF,United Kingdom,United Kingdom,Unemployed (and job seeking),English,"English, Twi",United Kingdom,Female,Yes
5f9fec0dd9035c01abde65f8,5f6a309c9fbd7a0a1a014543,AWAITING REVIEW,2020-11-02 11:22:53.574000,2020-11-02 11:25:21.124000,147.55,33,21,0,100,,6AB555FF,Sri Lanka,United Kingdom,Unemployed (and job seeking),DATA EXPIRED,English,Sri Lanka,Male,Yes
5f9fec17c0c62e030843e3e5,5f71935e1b5cc67c14c657b1,AWAITING REVIEW,2020-11-02 11:23:10.111000,2020-11-02 11:25:29.644000,139.533,38,29,0,100,,6AB555FF,United Kingdom,United Kingdom,Full-Time,,English,United Kingdom,Female,Yes
5f9fec1c36d42902ff9f4a07,5ee26a75d30bbc737f104e93,AWAITING REVIEW,2020-11-02 11:23:08.029000,2020-11-02 11:25:24.835000,136.806,30,89,1,100,,6AB555FF,United Kingdom,United Kingdom,Full-Time,English,English,United Kingdom,Female,Yes
5f9fec1f14b7a10306c23b2e,5d7cb3b8647c5800013a0334,AWAITING REVIEW,2020-11-02 11:23:13.760000,2020-11-02 11:24:29.815000,76.055,33,361,4,99,,6AB555FF,United Kingdom,United Kingdom,Full-Time,English,English,United Kingdom,Male,Yes
5f9fec2f53d1a702fc1d08cf,5e835bd7ab372c059d771188,AWAITING REVIEW,2020-11-02 11:23:26.977000,2020-11-02 11:25:29.821000,122.844,21,69,0,100,,6AB555FF,United Kingdom,United Kingdom,Part-Time,English,English,United Kingdom,Male,Yes
5f9fec303d9d4802a1255bfe,5f1770bd3565ea0f334515a1,AWAITING REVIEW,2020-11-02 11:23:33.875000,2020-11-02 11:27:45.755000,251.88,21,10,1,99,,6AB555FF,United Kingdom,United Kingdom,Other,English,English,United Kingdom,Female,Yes
5f9fec4e30876902fb449495,5f88cb3fecf8b70cc7bfa161,AWAITING REVIEW,2020-11-02 11:24:04.020000,2020-11-02 11:26:07.206000,123.186,27,6,0,100,,6AB555FF,United Kingdom,United Kingdom,Full-Time,,English,United Kingdom,Male,Yes
5f9fec56b5633d0305cc5a0f,5ce00c12ccdf040015e933f1,AWAITING REVIEW,2020-11-02 11:24:14.206000,2020-11-02 11:26:02.776000,108.57,35,210,0,100,,6AB555FF,United Kingdom,United Kingdom,Other,English,English,United Kingdom,Female,Yes
5f9fec5b31339a02f71ea70e,5b27a2477f78160001464118,AWAITING REVIEW,2020-11-02 11:24:11.967000,2020-11-02 11:27:37.213000,205.246,37,370,5,99,,6AB555FF,United Kingdom,United Kingdom,Full-Time,English,English,United Kingdom,Male,Yes
5f9fec5f17292202b068b853,5c338c7e2714e400013de136,AWAITING REVIEW,2020-11-02 11:24:17.678000,2020-11-02 11:26:30.515000,132.837,20,75,0,100,,6AB555FF,United Kingdom,United Kingdom,Due to start a new job within the next month,English,English,United Kingdom,Female,Yes
5f9fec60f0802d02ac9fef3e,5e99ee312893af06071c30de,AWAITING REVIEW,2020-11-02 11:24:18.806000,2020-11-02 11:27:24.762000,185.956,22,46,0,100,,6AB555FF,United Kingdom,United Kingdom,Other,English,English,United Kingdom,Female,Yes
5f9fec6bfb4484034bc78311,5f906d9892b0ac120238830b,AWAITING REVIEW,2020-11-02 11:24:31.585000,2020-11-02 11:26:20.279000,108.694,22,6,0,100,,6AB555FF,United Kingdom,United Kingdom,Unemployed (and job seeking),,English,United Kingdom,Female,Yes
5f9fec6d39a2d10301db8fbd,5d95fe287f664d0016591f9b,AWAITING REVIEW,2020-11-02 11:24:29.580000,2020-11-02 11:29:45.440000,315.86,19,157,2,99,,6AB555FF,Sweden,United Kingdom,"Not in paid work (e.g. homemaker', 'retired or disabled)",English,"Urdu, English",United Kingdom,Female,Yes
5f9fec6f83c24b02fc177d82,5f15672bb9e53c000b59d81b,AWAITING REVIEW,2020-11-02 11:24:33.405000,2020-11-02 11:28:12.600000,219.195,28,75,0,100,,6AB555FF,United Kingdom,United Kingdom,Full-Time,English,English,United Kingdom,Female,Yes
5f9fec752190ae025abb27ff,5ea9a41b87b4150bf9634637,AWAITING REVIEW,2020-11-02 11:26:12.386000,2020-11-02 11:29:12.355000,179.969,19,118,1,100,,6AB555FF,United Kingdom,United Kingdom,Part-Time,English,English,United Kingdom,Female,Yes
5f9fec7f60575c02a78671c1,5f1f69e5ed4f031774cd857d,AWAITING REVIEW,2020-11-02 11:24:47.250000,2020-11-02 11:27:53.676000,186.426,26,51,1,100,,6AB555FF,Germany,United Kingdom,Unemployed (and job seeking),English,English,United Kingdom,Female,Yes
5f9fec80846d6002b072adbf,5e870e38ca754f0121b24765,AWAITING REVIEW,2020-11-02 11:24:52.275000,2020-11-02 11:27:08.821000,136.546,19,34,1,99,,6AB555FF,United Kingdom,United Kingdom,Part-Time,English,English,United Kingdom,Female,Yes
5f9fec87d46e0502a9992d2c,5f9c18a035fe7a04a370550a,AWAITING REVIEW,2020-11-02 11:25:21.600000,2020-11-02 11:28:34.266000,192.666,20,2,0,100,,6AB555FF,Poland,United Kingdom,Unemployed (and job seeking),,"English, Polish",Poland,Male,Yes
5f9fec8a2bf04801a8b026c7,5cf44193fc94fd0001197a6b,AWAITING REVIEW,2020-11-02 11:25:13.350000,2020-11-02 11:27:13.700000,120.35,20,76,1,100,,6AB555FF,United Kingdom,United Kingdom,Unemployed (and job seeking),English,English,United Kingdom,Female,Yes
5f9fef9f2a0b1d039ff77e59,5f8d88be68198208a829cd5f,AWAITING REVIEW,2020-11-02 11:38:16.461000,2020-11-02 11:40:47.822000,151.361,20,10,0,100,,6AB555FF,Latvia,United Kingdom,Other,,"English, Latvian, Russian",United Kingdom,Female,Yes
5fa011bdb14b850102a15bad,5f1e33e58d05fc3a189c6ab4,AWAITING REVIEW,2020-11-02 14:03:44.193000,2020-11-02 14:04:55.932000,71.739,21,67,0,100,,6AB555FF,United Kingdom,United Kingdom,Unemployed (and job seeking),Bengali,"Bengali, English, Urdu",United Kingdom,Female,Yes
5fa011be11993f015bad1980,5f216a2ed71bef2eaa415620,AWAITING REVIEW,2020-11-02 14:04:34.260000,2020-11-02 14:07:04.887000,150.627,37,64,1,100,,6AB555FF,United Kingdom,United Kingdom,Unemployed (and job seeking),English,English,United Kingdom,Female,Yes
5fa011bf71429e010684cb48,59e91d78d4ab970001389c67,AWAITING REVIEW,2020-11-02 14:03:50.503000,2020-11-02 14:06:35.547000,165.044,66,710,7,99,,6AB555FF,United Kingdom,United Kingdom,"Not in paid work (e.g. homemaker', 'retired or disabled)",English,English,United Kingdom,Male,Yes
5fa011c67d590201097d9b7f,5f8838e4f53c3e2a5dbed323,AWAITING REVIEW,2020-11-02 14:03:50.135000,2020-11-02 14:05:26.408000,96.273,24,9,0,100,,6AB555FF,United Kingdom,,Full-Time,,English,United Kingdom,Female,Yes
5fa011c9f9109d0155ada340,5e6528037f7cf82a6f5a1456,AWAITING REVIEW,2020-11-02 14:03:55.681000,2020-11-02 14:05:15.345000,79.664,20,53,1,99,,6AB555FF,United Kingdom,United Kingdom,Unemployed (and job seeking),English,English,United Kingdom,Female,Yes
5fa011cebaaf450105c828be,5eee74e2cb94ad322e626425,AWAITING REVIEW,2020-11-02 14:04:02.487000,2020-11-02 14:07:14.206000,191.719,22,64,0,100,,6AB555FF,United Kingdom,United Kingdom,"Not in paid work (e.g. homemaker', 'retired or disabled)",English,English,United Kingdom,Female,Yes
5fa011cf2f114b0100110de5,5f1acaacc1b4612139b0619f,AWAITING REVIEW,2020-11-02 14:04:06.550000,2020-11-02 14:09:39.903000,333.353,38,67,0,100,,6AB555FF,United Kingdom,United Kingdom,"Not in paid work (e.g. homemaker', 'retired or disabled)",English,English,United Kingdom,Female,Yes
5fa011d103aed301554122fe,5dbf0a10cd12db3b944ea75b,AWAITING REVIEW,2020-11-02 14:04:31.984000,2020-11-02 14:08:09.198000,217.214,19,200,1,100,,6AB555FF,United Kingdom,United Kingdom,Unemployed (and job seeking),English,English,United Kingdom,Female,Yes
5fa011d7f0b7000108ae5441,5f14da44b3ab9d47a1767040,AWAITING REVIEW,2020-11-02 14:04:09.058000,2020-11-02 14:06:02.152000,113.094,20,30,0,100,,6AB555FF,United Kingdom,United Kingdom,Unemployed (and job seeking),English,English,United Kingdom,Female,Yes
5fa011d7c04d540106263993,5ea42e40492d2d000c1fe837,AWAITING REVIEW,2020-11-02 14:04:07.441000,2020-11-02 14:06:28.183000,140.742,22,95,0,100,,6AB555FF,United Kingdom,United Kingdom,Other,English,"Spanish, English",United Kingdom,Female,Yes
5fa011daac05f301564d373e,5f96e849cec2290158affc70,AWAITING REVIEW,2020-11-02 14:04:25.627000,2020-11-02 14:05:52.052000,86.425,23,8,0,100,,6AB555FF,United Kingdom,United Kingdom,Part-Time,DATA EXPIRED,"Albanian, English",United Kingdom,Female,Yes
5fa011dee42c6401042fd96f,5ef8a903a4d98d60bbc3da8d,AWAITING REVIEW,2020-11-02 14:04:14.086000,2020-11-02 14:07:35.883000,201.797,29,16,1,95,,6AB555FF,United Kingdom,United Kingdom,Part-Time,English,English,United Kingdom,Female,Yes
5fa011df66f7c901058c4318,5ed3a0abd5144e000b1f7575,AWAITING REVIEW,2020-11-02 14:04:20.826000,2020-11-02 14:05:41.284000,80.458,20,75,1,99,,6AB555FF,India,United Kingdom,Unemployed (and job seeking),Malayalam,English,United Kingdom,Female,Yes
5fa011e4a8844801574a7571,5c62e304d4bb5f0001fc002b,AWAITING REVIEW,2020-11-02 14:04:20.025000,2020-11-02 14:08:39.389000,259.364,45,511,1,100,,6AB555FF,United Kingdom,United Kingdom,Full-Time,English,English,United Kingdom,Male,Yes
5fa011e4b0b0d40156479abd,5f29666d4eeb0b042380f50b,AWAITING REVIEW,2020-11-02 14:04:32.848000,2020-11-02 14:06:16.610000,103.762,20,43,1,100,,6AB555FF,United Kingdom,United Kingdom,Other,English,English,United Kingdom,Male,Yes
5fa011e5ab67ca0102ae1faa,5f1997c49cdd9800087f75d4,AWAITING REVIEW,2020-11-02 14:04:25.922000,2020-11-02 14:06:45.913000,139.991,18,23,0,100,,6AB555FF,United Kingdom,United Kingdom,Unemployed (and job seeking),English,English,United Kingdom,Male,Yes
5fa011e758c4bd015829aa01,5f77816bdacc842d07347555,AWAITING REVIEW,2020-11-02 14:04:23.460000,2020-11-02 14:06:28.981000,125.521,18,13,0,100,,6AB555FF,Lithuania,United Kingdom,Unemployed (and job seeking),,"Lithuanian, English",United Kingdom,Male,Yes
5fa011ece96b050104e8a2d3,5f26ad14db44f940a40c86dd,AWAITING REVIEW,2020-11-02 14:08:29.433000,2020-11-02 14:12:33.726000,244.293,18,48,0,100,,6AB555FF,Nigeria,United Kingdom,Other,English,English,Nigeria,Male,Yes
5fa011eddb09bd0008ccd63d,5f56a4525e6f8a0fc2596d89,AWAITING REVIEW,2020-11-02 14:04:29.126000,2020-11-02 14:05:50.387000,81.261,23,34,0,100,,6AB555FF,United Kingdom,United Kingdom,Other,DATA EXPIRED,English,United Kingdom,Male,Yes
5fa011f2f6119d01584c3219,5c1a59395b2ab700015af793,AWAITING REVIEW,2020-11-02 14:04:37.109000,2020-11-02 14:06:10.146000,93.037,30,58,1,100,,6AB555FF,United Kingdom,United Kingdom,"Not in paid work (e.g. homemaker', 'retired or disabled)",English,English,United Kingdom,Female,Yes
5fa011f5587efa01055efec4,5a37e2880006450001bf23ea,AWAITING REVIEW,2020-11-02 14:04:39.234000,2020-11-02 14:07:37.513000,178.279,28,67,2,99,,6AB555FF,United Kingdom,United Kingdom,Full-Time,English,English,United Kingdom,Male,Yes
5fa011f5d2663d010a2a1410,5f0ccbd3de11c316e48ae99d,AWAITING REVIEW,2020-11-02 14:04:37.349000,2020-11-02 14:06:52.418000,135.069,19,77,1,100,,6AB555FF,United Kingdom,United Kingdom,Other,English,English,United Kingdom,Female,Yes
5fa011f89e4b570102434641,5f44df7165e28d01d763f7ea,AWAITING REVIEW,2020-11-02 14:04:40.323000,2020-11-02 14:06:29.288000,108.965,22,4,0,100,,6AB555FF,United Kingdom,,Other,,English,United Kingdom,Male,Yes
5fa011f8b09bee0009ed96fc,5b09360c2971540001e3e248,AWAITING REVIEW,2020-11-02 14:04:47.107000,2020-11-02 14:07:00.758000,133.651,41,350,2,100,,6AB555FF,Poland,United Kingdom,Full-Time,Polish,"English, Polish",Poland,Male,Yes
5fa011f98d63ee0104ac74e8,5eb4ba4ec885940009ecee48,AWAITING REVIEW,2020-11-02 14:04:53.947000,2020-11-02 14:07:50.920000,176.973,20,89,1,100,,6AB555FF,United Kingdom,United Kingdom,Other,English,English,United Kingdom,Female,Yes
5fa011f9768a10000ca35db6,5f479dd7144b1c1946ec23da,AWAITING REVIEW,2020-11-02 14:04:47.222000,2020-11-02 14:09:42.266000,295.044,21,48,1,100,,6AB555FF,United Kingdom,United Kingdom,Other,DATA EXPIRED,English,United Kingdom,Female,Yes
5fa011fa904513015c80e3e2,5f11636f7d03fb0009716b86,AWAITING REVIEW,2020-11-02 14:04:44.700000,2020-11-02 14:07:03.612000,138.912,20,49,1,100,,6AB555FF,United Kingdom,United Kingdom,Part-Time,English,English,United Kingdom,Female,Yes
5fa011fb7525d00102702e38,5f3fe127ee81c20a2267b0e4,AWAITING REVIEW,2020-11-02 14:04:48.088000,2020-11-02 14:07:08.692000,140.604,27,64,1,100,,6AB555FF,United Kingdom,United Kingdom,Full-Time,DATA EXPIRED,English,United Kingdom,Male,Yes
5fa011fcc3a3c9015bf84b2d,5c3ce3a6de04ad0001d8a6cc,AWAITING REVIEW,2020-11-02 14:04:44.157000,2020-11-02 14:18:15.116000,810.959,45,284,4,98,,6AB555FF,Ukraine,United Kingdom,Full-Time,Ucrainian,"English, Latvian, Russian",Latvia,Female,Yes
5fa011fdf55632010ba3f254,5f5b6d590adc3929cbf17ab8,AWAITING REVIEW,2020-11-02 14:04:48.559000,2020-11-02 14:06:36.680000,108.121,21,7,1,96,,6AB555FF,United Kingdom,United Kingdom,Other,,"English, French",United Kingdom,Female,Yes
5fa01201dc82820106bfb232,5d0cc79d86e3430016414310,AWAITING REVIEW,2020-11-02 14:04:52.388000,2020-11-02 14:06:56.469000,124.081,20,60,0,100,,6AB555FF,United Kingdom,United Kingdom,Unemployed (and job seeking),English,English,United Kingdom,Female,Yes
5fa01202acbe6101060a191d,5ef61d9b9e9e130b1f491ee7,AWAITING REVIEW,2020-11-02 14:04:52.930000,2020-11-02 14:07:40.372000,167.442,19,62,2,96,,6AB555FF,United Kingdom,United Kingdom,Part-Time,English,English,United Kingdom,Male,Yes
5fa01207bebde1010a51961e,5ec6563b04e80f030b94e03c,AWAITING REVIEW,2020-11-02 14:04:58.841000,2020-11-02 14:06:37.340000,98.499,37,129,0,100,,6AB555FF,United Kingdom,United Kingdom,Full-Time,English,"English, Gaelic",United Kingdom,Female,Yes
5fa0120b50d9be000858c322,5f7b8e13d381cb15f92aba30,AWAITING REVIEW,2020-11-02 14:05:08.309000,2020-11-02 14:08:08.588000,180.279,23,16,0,100,,6AB555FF,United Kingdom,United Kingdom,Unemployed (and job seeking),,English,United Kingdom,Male,Yes
5fa0120bed600f015b22e130,5e4d94e8ee0d4509aacdfbc8,AWAITING REVIEW,2020-11-02 14:04:59.518000,2020-11-02 14:08:11.394000,191.876,18,155,0,101,,6AB555FF,United Kingdom,United Kingdom,Unemployed (and job seeking),English,English,United Kingdom,Female,Yes
5fa0120fa56b6900093e2e60,5ed17172ae88660bc7bc3d77,AWAITING REVIEW,2020-11-02 14:05:10.456000,2020-11-02 14:06:35.967000,85.511,18,118,1,100,,6AB555FF,United Kingdom,United Kingdom,Part-Time,English,English,United Kingdom,Female,Yes
5fa01212b905580108f150ec,5f228dd0a6367c7582946207,AWAITING REVIEW,2020-11-02 14:05:15.033000,2020-11-02 14:07:37.531000,142.498,24,25,0,100,,6AB555FF,United Kingdom,United Kingdom,Other,English,English,United Kingdom,Female,Yes
5fa01213f6119d01584c321d,5e6a1b480650cd000c4ac495,AWAITING REVIEW,2020-11-02 14:05:11.938000,2020-11-02 14:08:09.461000,177.523,28,125,1,100,,6AB555FF,United Kingdom,United Kingdom,Unemployed (and job seeking),English,English,United Kingdom,Male,Yes
5fa012157dab7c01024bb3ab,5f4056738318181904984b01,AWAITING REVIEW,2020-11-02 14:05:09.066000,2020-11-02 14:07:30.823000,141.757,19,34,0,100,,6AB555FF,Spain,United Kingdom,Part-Time,DATA EXPIRED,"English, Spanish",Spain,Female,Yes
5fa01216e42c64015869c12f,5efc87b969136802a7c7a683,AWAITING REVIEW,2020-11-02 14:05:12.493000,2020-11-02 14:07:47.496000,155.003,30,131,0,100,,6AB555FF,United Kingdom,United Kingdom,Full-Time,English,English,United Kingdom,Female,Yes
5fa012160573b900087d8da3,5f0e293207ba641591b3a0d6,AWAITING REVIEW,2020-11-02 14:05:15.835000,2020-11-02 14:08:14.640000,178.805,20,47,0,100,,6AB555FF,United Kingdom,United Kingdom,Full-Time,English,"Bengali, English",United Kingdom,Male,Yes
5fa0121bc0cce70103fccc94,5f0d8e1904ce050307640c3f,AWAITING REVIEW,2020-11-02 14:05:17.098000,2020-11-02 14:08:29.094000,191.996,20,48,0,100,,6AB555FF,United Kingdom,United Kingdom,Other,English,English,United Kingdom,Female,Yes
5fa0121bf55632015de43842,5d9354932f8730001a5f8fca,AWAITING REVIEW,2020-11-02 14:05:18.189000,2020-11-02 14:07:16.353000,118.164,22,237,0,100,,6AB555FF,United Kingdom,United Kingdom,Part-Time,English,English,United Kingdom,Female,Yes
5fa0121c7d5902015b6d1f3e,5f12f3b9b6d334012fba9ca4,AWAITING REVIEW,2020-11-02 14:05:23.598000,2020-11-02 14:07:07.493000,103.895,20,76,0,101,,6AB555FF,DATA EXPIRED,United Kingdom,DATA EXPIRED,English,English,United Kingdom,Female,Yes
5fa0121c987fe10109cee63d,5b4b1ef3b8b20a00015a33a2,AWAITING REVIEW,2020-11-02 14:05:16.612000,2020-11-02 14:07:32.208000,135.596,20,201,0,100,,6AB555FF,Poland,United Kingdom,Other,English,"Polish, English",United Kingdom,Female,Yes
5fa01224b5d8d7010a0e8f48,5de0803843e90d0fcc462b13,AWAITING REVIEW,2020-11-02 14:13:30.153000,2020-11-02 14:16:46.458000,196.305,27,278,0,100,,6AB555FF,United Kingdom,United Kingdom,Other,English,English,United Kingdom,Male,Yes
5fa0122cea5143015976c710,5f316bcd6be94e000aeeaf49,AWAITING REVIEW,2020-11-02 14:05:34.919000,2020-11-02 14:07:42.442000,127.523,21,26,0,101,,6AB555FF,United Kingdom,United Kingdom,Unemployed (and job seeking),DATA EXPIRED,English,United Kingdom,Male,Yes
5fa0122de0c94a0154f2cc51,5f15f246188dff71f0530cea,AWAITING REVIEW,2020-11-02 14:05:48.400000,2020-11-02 14:09:20.897000,212.497,20,58,1,100,,6AB555FF,United Kingdom,United Kingdom,Unemployed (and job seeking),English,English,United Kingdom,Female,Yes
5fa012334402c20103520ac1,5f646952bf0cff1f0777181c,AWAITING REVIEW,2020-11-02 14:05:39.922000,2020-11-02 14:08:36.452000,176.53,22,36,0,100,,6AB555FF,United Kingdom,United Kingdom,Unemployed (and job seeking),DATA EXPIRED,English,United Kingdom,Female,Yes
5fa01234ea64680107e7817f,5f14279fc08bc146c73053eb,AWAITING REVIEW,2020-11-02 14:05:40.273000,2020-11-02 14:08:04.497000,144.224,23,82,0,100,,6AB555FF,United Kingdom,United Kingdom,Full-Time,English,English,United Kingdom,Female,Yes
5fa012358f6e4301583a3aaf,5e2abe71c449a810e90ce7c1,AWAITING REVIEW,2020-11-02 14:05:51.961000,2020-11-02 14:09:11.859000,199.898,20,123,1,100,,6AB555FF,United Kingdom,United Kingdom,Other,English,English,United Kingdom,Male,Yes
5fa01236d6f46001057d1faa,5f75bee2d7804525976f98fc,AWAITING REVIEW,2020-11-02 14:05:45.519000,2020-11-02 14:07:58.945000,133.426,24,20,0,100,,6AB555FF,United Kingdom,United Kingdom,Part-Time,,"English, Spanish",United Kingdom,Female,Yes
5fa0123781c481015d2f669a,5ef3dd303bad3a1816832a54,AWAITING REVIEW,2020-11-02 14:05:43.302000,2020-11-02 14:27:27.222000,1303.92,30,60,3,96,,6AB555FF,Poland,United Kingdom,Unemployed (and job seeking),Polish,"English, Polish",Poland,Male,Yes
5fa01238ac9c5901006afb1b,5f4a274f21ec8a5971fbb33f,AWAITING REVIEW,2020-11-02 14:05:44.539000,2020-11-02 14:10:24.916000,280.377,30,33,0,100,,6AB555FF,Canada,United Kingdom,Part-Time,,English,Canada,Female,Yes
5fa0123ba24c9f01580e52b3,5e7f5cf737976e000850a4bb,AWAITING REVIEW,2020-11-02 14:06:34.765000,2020-11-02 14:09:53.646000,198.881,46,246,3,99,,6AB555FF,United Kingdom,United Kingdom,Full-Time,English,English,United Kingdom,Male,Yes
5fa01247da74d501089f07c5,5ea0340f9e25cb00094e39bd,AWAITING REVIEW,2020-11-02 14:05:59.824000,2020-11-02 14:11:41.422000,341.598,18,66,0,100,,6AB555FF,United Kingdom,United Kingdom,Unemployed (and job seeking),Afrikaans,English,United Kingdom,Female,Yes
5fa0124e0573b90155a4c809,5d9f5cae4d62c40010ae40e6,AWAITING REVIEW,2020-11-02 14:06:20.830000,2020-11-02 14:08:12.779000,111.949,21,253,1,100,,6AB555FF,United Kingdom,United Kingdom,Part-Time,English,English,United Kingdom,Female,Yes
5fa0125ef9109d0009182c6b,5f58f80199fe990bc281f681,AWAITING REVIEW,2020-11-02 14:06:25.652000,2020-11-02 14:08:43.679000,138.027,18,36,0,100,,6AB555FF,United Kingdom,United Kingdom,Unemployed (and job seeking),,English,United Kingdom,Male,Yes
5fa012634a57360105a0bb76,5f9c201c868a6904a844d13f,AWAITING REVIEW,2020-11-02 14:06:27.008000,2020-11-02 14:07:47.009000,80.001,19,2,0,100,,6AB555FF,Portugal,United Kingdom,Unemployed (and job seeking),,"English, Portuguese",Portugal,Male,Yes
5fa012634332f2015ce71c19,5e94dc714b34ff84c349e18c,AWAITING REVIEW,2020-11-02 14:06:27.379000,2020-11-02 14:16:00.316000,572.937,22,123,2,100,,6AB555FF,United Kingdom,United Kingdom,Unemployed (and job seeking),English,English,United Kingdom,Male,Yes
5fa012647074080008a2501b,590203d0fb96b90001dddae0,AWAITING REVIEW,2020-11-02 14:06:28.461000,2020-11-02 14:14:35.570000,487.109,39,372,3,100,,6AB555FF,United Kingdom,United Kingdom,Unemployed (and job seeking),English,English,United Kingdom,Male,Yes
5fa012659ead230158b87af7,5f69fde395b6000219fb371c,AWAITING REVIEW,2020-11-02 14:06:33.557000,2020-11-02 14:08:36.246000,122.689,21,30,0,100,,6AB555FF,United Kingdom,United Kingdom,Part-Time,DATA EXPIRED,English,United Kingdom,Male,Yes
5fa01268b97f0f0158cd4c73,5f00702b5c375717c60bc745,AWAITING REVIEW,2020-11-02 14:06:39.882000,2020-11-02 14:11:08.506000,268.624,51,104,0,100,,6AB555FF,United Kingdom,United Kingdom,Full-Time,English,English,United Kingdom,Female,Yes
5fa012690434ea0009026367,5f2aa91e781f28324e3951e7,AWAITING REVIEW,2020-11-02 14:06:33.712000,2020-11-02 14:09:11.645000,157.933,31,34,1,99,,6AB555FF,United Kingdom,United Kingdom,Part-Time,English,English,United Kingdom,Female,Yes
5fa0126d61b5e8015cf7b94a,5ca48653ed23650001328d9d,AWAITING REVIEW,2020-11-02 14:08:19.842000,2020-11-02 14:14:07.670000,347.828,40,416,1,100,,6AB555FF,United Kingdom,United Kingdom,Full-Time,English,English,United Kingdom,Female,Yes
5fa012704a3d7c0008e52e84,5e0fdde8b638537085d51b6c,AWAITING REVIEW,2020-11-02 14:06:46.186000,2020-11-02 14:10:21.444000,215.258,26,141,2,100,,6AB555FF,United Kingdom,United Kingdom,Part-Time,English,English,United Kingdom,Female,Yes
5fa01276db09bd010a4412a7,5f031154d2fab64a687af6db,AWAITING REVIEW,2020-11-02 14:06:49.711000,2020-11-02 14:09:25.617000,155.906,19,59,0,100,,6AB555FF,United Kingdom,United Kingdom,Part-Time,English,English,United Kingdom,Male,Yes
5fa01277ef8925015439484e,5f4242544b817f01fe53aecc,AWAITING REVIEW,2020-11-02 14:06:47.298000,2020-11-02 14:08:39.616000,112.318,22,45,0,101,,6AB555FF,United Kingdom,United Kingdom,Full-Time,DATA EXPIRED,English,United Kingdom,Male,Yes
5fa012776c778d015bd17b0c,5f3fdbf989c7a90853e0f395,AWAITING REVIEW,2020-11-02 14:06:47.739000,2020-11-02 14:10:09.360000,201.621,21,31,0,100,,6AB555FF,United Kingdom,United Kingdom,Unemployed (and job seeking),,"English, Spanish",United Kingdom,Female,Yes
5fa0127a7074080108dc9f6f,5f5e77740bfb351138cab0c5,AWAITING REVIEW,2020-11-02 14:06:52.098000,2020-11-02 14:09:12.035000,139.937,32,19,0,100,,6AB555FF,United Kingdom,United Kingdom,Full-Time,,English,United Kingdom,Female,Yes
5fa0127a40eecd0155b78d7c,5e7dd515aa9da60009e412f2,AWAITING REVIEW,2020-11-02 14:07:24.209000,2020-11-02 14:09:49.171000,144.962,20,76,0,100,,6AB555FF,United Kingdom,United Kingdom,Unemployed (and job seeking),English,English,United Kingdom,Female,Yes
5fa0127a4e818601547c3926,5e399832a6df461b2f4db341,AWAITING REVIEW,2020-11-02 14:07:10.700000,2020-11-02 14:10:25.774000,195.074,23,167,2,100,,6AB555FF,United Kingdom,United Kingdom,"Not in paid work (e.g. homemaker', 'retired or disabled)",English,English,United Kingdom,Female,Yes
5fa0127ec434000008b1cc01,5e3964db34f9ab172aac9283,AWAITING REVIEW,2020-11-02 14:06:59.244000,2020-11-02 14:10:13.703000,194.459,20,136,0,100,,6AB555FF,United Kingdom,United Kingdom,Part-Time,English,English,United Kingdom,Female,Yes
5fa0128388626701572485c8,5f4bd5af6591fd0a0899594f,AWAITING REVIEW,2020-11-02 14:07:03.182000,2020-11-02 14:09:36.314000,153.132,23,54,0,100,,6AB555FF,United Kingdom,United Kingdom,Part-Time,DATA EXPIRED,English,United Kingdom,Male,Yes
5fa012860573b901025f93dd,5ed8f53aca05b8417fef05e7,AWAITING REVIEW,2020-11-02 14:07:04.799000,2020-11-02 14:08:25.161000,80.362,22,12,0,100,,6AB555FF,,United Kingdom,,English,English,United Kingdom,Male,Yes
5fa01287d436a6000aa25094,5e787106a9d3b53ee4281eb1,AWAITING REVIEW,2020-11-02 14:07:24.825000,2020-11-02 14:09:52.980000,148.155,19,110,1,100,,6AB555FF,United Kingdom,United Kingdom,Part-Time,English,English,United Kingdom,Female,Yes
5fa012875c0a730104acb77b,5cebf1ca4a66db00197ba885,AWAITING REVIEW,2020-11-02 14:07:10.273000,2020-11-02 14:09:20.864000,130.591,19,190,3,99,,6AB555FF,United Kingdom,United Kingdom,"Not in paid work (e.g. homemaker', 'retired or disabled)",English,English,United Kingdom,Female,Yes
5fa0128980f23a000b00a91b,5ed225b7b49d48185e9e56ae,AWAITING REVIEW,2020-11-02 14:07:16.618000,2020-11-02 14:09:11.972000,115.354,22,79,1,100,,6AB555FF,DATA EXPIRED,United Kingdom,DATA EXPIRED,English,English,United Kingdom,Female,Yes
5fa0128ac6d357000a92f71c,5d3b8c160c782a0019e0b205,AWAITING REVIEW,2020-11-02 14:07:18.276000,2020-11-02 14:10:09.923000,171.647,20,147,0,100,,6AB555FF,United States,United Kingdom,Full-Time,English,English,United Kingdom,Female,Yes
5fa0129599010f015c111767,5df4d2d8e297d536051bd215,AWAITING REVIEW,2020-11-02 14:07:19.905000,2020-11-02 14:08:47.528000,87.623,26,112,1,99,,6AB555FF,United Kingdom,United Kingdom,Part-Time,English,English,United Kingdom,Female,Yes
5fa01296901da80159c5b58e,5f90ff9c1b683b21b409f70d,AWAITING REVIEW,2020-11-02 14:07:22.365000,2020-11-02 14:09:13.177000,110.812,23,3,0,100,,6AB555FF,United Kingdom,United Kingdom,Other,,English,United Kingdom,Female,Yes
5fa01299908bb0013b0a3ede,5b166e64dbae3e00017e5ddb,AWAITING REVIEW,2020-11-02 14:07:28.319000,2020-11-02 14:09:18.778000,110.459,32,368,1,100,,6AB555FF,United Kingdom,United Kingdom,Full-Time,English,English,United Kingdom,Female,Yes
5fa0129b4332f2010a7648a4,5eb45f0df625d52a7ebdf0ea,AWAITING REVIEW,2020-11-02 14:07:23.080000,2020-11-02 14:37:25.362000,1802.282,20,175,0,100,,6AB555FF,United Kingdom,United Kingdom,Part-Time,English,English,United Kingdom,Female,Yes
5fa0129ca470740159eb2fc6,5c8a65405abd6b0016767b56,AWAITING REVIEW,2020-11-02 14:07:32.764000,2020-11-02 14:12:11.547000,278.783,45,174,1,100,,6AB555FF,South Africa,United Kingdom,Part-Time,Afrikaans,"Afrikaans, English",South Africa,Female,Yes
5fa0129d1f56c4015998b95e,5f1c0b2946a0aa454dd5ee2c,AWAITING REVIEW,2020-11-02 14:07:25.399000,2020-11-02 14:10:02.811000,157.412,18,65,1,100,,6AB555FF,United Kingdom,United Kingdom,Full-Time,English,"English, Hindi",United Kingdom,Male,Yes
5fa012a2e6f39201540d9373,5f7788f66806a618024faa85,AWAITING REVIEW,2020-11-02 14:07:30.862000,2020-11-02 14:09:13.688000,102.826,29,13,0,100,,6AB555FF,United Kingdom,United Kingdom,Unemployed (and job seeking),DATA EXPIRED,English,United Kingdom,Male,Yes
5fa012a33043de01082ca177,55b660dffdf99b1c029069a2,AWAITING REVIEW,2020-11-02 14:07:31.151000,2020-11-02 14:11:10.097000,218.946,48,675,3,100,,6AB555FF,United Kingdom,United Kingdom,Full-Time,English,English,United Kingdom,Female,Yes
5fa012a4a56b69010e460e6e,5dfe6f8018e869b0afbd65ca,AWAITING REVIEW,2020-11-02 14:07:32.659000,2020-11-02 14:16:26.425000,533.766,24,211,2,100,,6AB555FF,United Kingdom,United Kingdom,Other,English,"English, Greek",United Kingdom,Female,Yes
5fa012a68499ae0009743c36,5f68f1e9fe85b20a54b3eb74,AWAITING REVIEW,2020-11-02 14:07:34.903000,2020-11-02 14:11:31.560000,236.657,21,20,0,100,,6AB555FF,Zimbabwe,United Kingdom,Other,DATA EXPIRED,English,United Kingdom,Male,Yes
5fa012ae9ead230158b87af8,5d128639c5b76100165f832a,AWAITING REVIEW,2020-11-02 14:07:42.181000,2020-11-02 14:10:12.148000,149.967,53,448,1,100,,6AB555FF,United Kingdom,United Kingdom,Full-Time,English,English,United Kingdom,Male,Yes
5fa012ae5c592900090a4b7d,5f478ddfcf343604f9af69bf,AWAITING REVIEW,2020-11-02 14:07:45.283000,2020-11-02 14:10:42.914000,177.631,22,19,0,100,,6AB555FF,United Kingdom,United Kingdom,Unemployed (and job seeking),DATA EXPIRED,English,United Kingdom,Male,Yes
5fa012b28029d5000974f066,5f4deb2cc3368e9b3de01170,AWAITING REVIEW,2020-11-02 14:07:48.928000,2020-11-02 14:10:00.333000,131.405,24,25,0,100,,6AB555FF,United Kingdom,United Kingdom,Part-Time,DATA EXPIRED,English,United Kingdom,Female,Yes
5fa012b699e3ca01037c7ec0,5f6be55b0da83b160365a6f7,AWAITING REVIEW,2020-11-02 14:07:50.664000,2020-11-02 14:10:48.612000,177.948,25,16,0,100,,6AB555FF,Nepal,United Kingdom,Unemployed (and job seeking),,"English, Nepali, Hindi",United Kingdom,Male,Yes
5fa012b7f6be0a011363a7ab,5c6d21fafc2e7600015c0d2d,AWAITING REVIEW,2020-11-02 14:07:53.746000,2020-11-02 14:14:39.032000,405.286,33,359,5,99,,6AB555FF,United Kingdom,United Kingdom,Full-Time,English,English,United Kingdom,Male,Yes
5fa012bab4d9b30008bc17d8,5f66b46477c78d2af269f094,AWAITING REVIEW,2020-11-02 14:07:54.394000,2020-11-02 14:11:47.183000,232.789,22,21,0,100,,6AB555FF,Bangladesh,United Kingdom,Full-Time,DATA EXPIRED,"Bengali, English",Bangladesh,Male,Yes
5fa012c04332f2010a7648a6,5ef0e89b2d63da68ac614f46,AWAITING REVIEW,2020-11-02 14:08:03.644000,2020-11-02 14:10:40.980000,157.336,18,11,1,97,,6AB555FF,United Kingdom,United Kingdom,Unemployed (and job seeking),English,"English, French, Spanish",United Kingdom,Male,Yes
5fa012c211993f000a345e2c,5f05c6a43d76680778711cc7,AWAITING REVIEW,2020-11-02 14:08:05.917000,2020-11-02 14:12:33.443000,267.526,39,19,0,100,,6AB555FF,United Kingdom,United Kingdom,Full-Time,English,English,United Kingdom,Female,Yes
5fa012c3053a1001098363a8,5bfa9b293db90d0001f52ddb,AWAITING REVIEW,2020-11-02 14:08:06.370000,2020-11-02 14:10:06.401000,120.031,35,52,0,100,,6AB555FF,Canada,United Kingdom,Full-Time,English,"French, English",Canada,Female,Yes
5fa012c5f6119d01584c3220,5f71d4cc0d3ce7052e72c357,AWAITING REVIEW,2020-11-02 14:08:07.601000,2020-11-02 14:10:48.443000,160.842,42,17,0,100,,6AB555FF,Poland,United Kingdom,Full-Time,DATA EXPIRED,"English, Polish, Russian",Poland,Female,Yes
5fa012c7c04d540106263999,5ec3f2caaa5afd2827ae4f67,AWAITING REVIEW,2020-11-02 14:08:07.517000,2020-11-02 14:11:16.145000,188.628,32,37,2,95,,6AB555FF,United Kingdom,United Kingdom,Full-Time,English,English,United Kingdom,Male,Yes
5fa0147fd580640159e64689,5cf7cbe401a41f0017d1846f,AWAITING REVIEW,2020-11-02 14:15:32.498000,2020-11-02 14:18:19.179000,166.681,24,224,1,100,,6AB555FF,Portugal,United Kingdom,Other,Portuguese,"English, Portuguese",Portugal,Female,Yes
5fa0149e9242a6010246e75c,5ed8162f9883863100f36190,AWAITING REVIEW,2020-11-02 14:16:00.915000,2020-11-02 14:17:44.980000,104.065,19,31,0,100,,6AB555FF,United Kingdom,United Kingdom,Full-Time,English,English,United Kingdom,Male,Yes
5fa01504f8894b01ac3af21b,5d93c49c3d68db0018d3f372,AWAITING REVIEW,2020-11-02 14:17:43.205000,2020-11-02 14:19:49.006000,125.801,21,40,0,100,,6AB555FF,United Kingdom,United Kingdom,Full-Time,English,English,United Kingdom,Female,Yes
5fa015264a3d7c0156a996b2,5e56a20d412e89053bc365bf,AWAITING REVIEW,2020-11-02 14:18:27.497000,2020-11-02 14:20:40.269000,132.772,19,38,0,100,,6AB555FF,United Kingdom,United Kingdom,Part-Time,English,English,United Kingdom,Male,Yes
5fa0165a0052b8020905b6e9,5f1729711e2e9503ef512ab3,AWAITING REVIEW,2020-11-02 14:23:28.851000,2020-11-02 14:26:48.798000,199.947,20,13,0,100,,6AB555FF,United Kingdom,United Kingdom,Other,English,English,United Kingdom,Female,Yes
5fa01672a3d961025901f528,5f3124fd8f9c8705e7fab635,AWAITING REVIEW,2020-11-02 14:23:48.275000,2020-11-02 14:25:11.880000,83.605,19,24,1,99,,6AB555FF,United Kingdom,United Kingdom,"Not in paid work (e.g. homemaker', 'retired or disabled)",DATA EXPIRED,English,United Kingdom,Male,Yes
5fa0167e908bb0020476176e,5f735a3df5b78705ebbb8294,AWAITING REVIEW,2020-11-02 14:24:01.639000,2020-11-02 14:26:16.825000,135.186,21,4,0,100,,6AB555FF,United Kingdom,United Kingdom,Unemployed (and job seeking),,English,United Kingdom,Female,Yes
5fa016b1b85ad902091d5939,5eb2cdde72398906db05df37,AWAITING REVIEW,2020-11-02 14:25:04.993000,2020-11-02 14:27:46.993000,162,22,63,0,100,,6AB555FF,United Kingdom,United Kingdom,Part-Time,English,English,United Kingdom,Male,Yes
5fa016e972a516010dbab536,5f39b00fb05fd85622540c3a,AWAITING REVIEW,2020-11-02 14:25:49.806000,2020-11-02 14:28:45.592000,175.786,19,23,0,100,,6AB555FF,United Kingdom,United Kingdom,,,English,United Kingdom,Female,Yes
5fa016f11355b9020aa881c0,5d95c116fa70c50018fc6e9e,AWAITING REVIEW,2020-11-02 14:25:56.221000,2020-11-02 14:28:05.662000,129.441,20,78,0,100,,6AB555FF,United Kingdom,United Kingdom,Other,English,English,United Kingdom,Female,Yes
5fa01700edc4bb0206d44bfe,5e9f5b1969874d0acf8a48c4,AWAITING REVIEW,2020-11-02 14:26:11.875000,2020-11-02 14:28:33.439000,141.564,21,109,0,100,,6AB555FF,Ireland,United Kingdom,Other,English,English,United Kingdom,Female,Yes
5fa01728baf18d02544b102b,596116d4d865d10001cd6485,AWAITING REVIEW,2020-11-02 14:26:51.688000,2020-11-02 14:29:19.410000,147.722,26,167,2,100,,6AB555FF,United Kingdom,United Kingdom,Full-Time,English,English,United Kingdom,Female,Yes
5fa0174cc0cce70200ad4836,5ef08aa7177a735c78ffbf40,AWAITING REVIEW,2020-11-02 14:27:37.428000,2020-11-02 14:32:04.942000,267.514,19,76,0,100,,6AB555FF,United Kingdom,United Kingdom,Unemployed (and job seeking),English,English,United Kingdom,Male,Yes
5fa017579242a602024dcd21,5f99f4d94319d00f0b057113,AWAITING REVIEW,2020-11-02 14:27:38.227000,2020-11-02 14:33:44.493000,366.266,35,2,0,100,,6AB555FF,Italy,,Full-Time,,"English, Italian, Spanish, Tagalog-Filipino",Italy,Female,Yes
5fa017c0908bb002062f83e8,5c1e3c9ce471fe0001bcac55,AWAITING REVIEW,2020-11-02 14:29:23.540000,2020-11-02 14:31:54.306000,150.766,21,278,3,98,,6AB555FF,United Kingdom,United Kingdom,Part-Time,English,English,United Kingdom,Female,Yes
5fa017c26c778d020a6d09a8,5f4fd83ee29c990ff18bb7eb,AWAITING REVIEW,2020-11-02 14:29:22.518000,2020-11-02 14:36:32.763000,430.245,20,30,0,100,,6AB555FF,Bulgaria,United Kingdom,Unemployed (and job seeking),DATA EXPIRED,"Bulgarian, English",Bulgaria,Male,Yes
5fa018310d6d1c01563cc390,5efa597a7b41d489612c509f,AWAITING REVIEW,2020-11-02 14:31:16.951000,2020-11-02 14:34:15.947000,178.996,19,38,2,95,,6AB555FF,United Kingdom,United Kingdom,Unemployed (and job seeking),English,English,United Kingdom,Female,Yes
5fa01840baf18d02025042b3,5f89e4b724be0004e69b7dec,AWAITING REVIEW,2020-11-02 14:31:28.504000,2020-11-02 14:33:34.996000,126.492,21,7,0,100,,6AB555FF,Italy,United Kingdom,Unemployed (and job seeking),,"English, Italian",Italy,Female,Yes
5fa01868f6be0a01c05dbdab,5f10499e5449022bc17acad2,AWAITING REVIEW,2020-11-02 14:32:10.475000,2020-11-02 14:35:03.239000,172.764,21,68,1,100,,6AB555FF,United Kingdom,United Kingdom,Unemployed (and job seeking),English,English,United Kingdom,Female,Yes
5fa01874d436a601af4b55b7,5dadacfb949a4d00151f5236,AWAITING REVIEW,2020-11-02 14:32:22.518000,2020-11-02 14:34:09.945000,107.427,20,161,2,100,,6AB555FF,United Kingdom,United Kingdom,Other,English,English,United Kingdom,Female,Yes
5fa0187862d6ca02536fa462,5d9cac8dfe9f29001758b61f,AWAITING REVIEW,2020-11-02 14:32:26.955000,2020-11-02 14:33:48.771000,81.816,22,222,0,100,,6AB555FF,United Kingdom,United Kingdom,Unemployed (and job seeking),English,English,United Kingdom,Female,Yes
5fa0188227448702050e0d55,5f529a2d59f07c03f6c2f27f,AWAITING REVIEW,2020-11-02 14:32:39.369000,2020-11-02 14:38:20.411000,341.042,21,23,0,100,,6AB555FF,China,United Kingdom,Other,,"Chinese, English",China,Female,Yes
5fa0188c6c778d01b85688b8,5f511e2496d3151149711074,AWAITING REVIEW,2020-11-02 14:32:44.600000,2020-11-02 14:35:34.094000,169.494,23,12,0,100,,6AB555FF,Netherlands,United Kingdom,Unemployed (and job seeking),,"Dutch, English, Somali, Arabic",Netherlands,Female,Yes
5fa018ae44ae800253c06d85,5d68133c08c075001555aea7,AWAITING REVIEW,2020-11-02 14:33:18.460000,2020-11-02 14:35:51.440000,152.98,39,194,3,99,,6AB555FF,United Kingdom,United Kingdom,Full-Time,English,English,United Kingdom,Male,Yes
5fa018b32417f30261200a93,5efa71fb67e0c1183e9aea62,AWAITING REVIEW,2020-11-02 14:33:26.459000,2020-11-02 14:35:29.770000,123.311,21,61,2,99,,6AB555FF,United Kingdom,United Kingdom,Part-Time,English,English,United Kingdom,Female,Yes
5fa018b958c4bd0206514259,5f817a07203bc72282570e57,AWAITING REVIEW,2020-11-02 14:33:35.025000,2020-11-02 14:36:01.792000,146.767,49,12,0,100,,6AB555FF,Turkey,United Kingdom,Full-Time,,"Turkish, English",United Kingdom,Female,Yes
5fa018c52f114b01fe90c747,5eb6d6c86b2e3c071bdd963e,AWAITING REVIEW,2020-11-02 14:33:44.062000,2020-11-02 14:36:13.743000,149.681,19,48,0,100,,6AB555FF,United Kingdom,United Kingdom,DATA EXPIRED,English,English,United Kingdom,Female,Yes
5fa018e7edc4bb02592145fe,5eb69421b2c9c859401188bf,AWAITING REVIEW,2020-11-02 14:34:15.880000,2020-11-02 14:37:35.010000,199.13,20,119,1,99,,6AB555FF,United Kingdom,United Kingdom,Unemployed (and job seeking),English,English,United Kingdom,Female,Yes
5fa018ef1370750253c56cfc,5e5eb4149ad3de1ea79c3b68,AWAITING REVIEW,2020-11-02 14:34:23.137000,2020-11-02 14:36:38.549000,135.412,23,129,3,97,,6AB555FF,United Kingdom,United Kingdom,Other,English,English,United Kingdom,Female,Yes
5fa01908ed600f025c618a65,5f4d604f0bee2417271ab73a,AWAITING REVIEW,2020-11-02 14:34:50.874000,2020-11-02 14:36:40.308000,109.434,20,16,0,100,,6AB555FF,United Kingdom,United Kingdom,Full-Time,,English,United Kingdom,Male,Yes
5fa0190c94dd5901b703f3b9,5ab786890527ba0001c18177,AWAITING REVIEW,2020-11-02 14:34:52.483000,2020-11-02 14:36:41.055000,108.572,32,412,3,99,,6AB555FF,United Kingdom,United Kingdom,Full-Time,English,English,United Kingdom,Male,Yes
5fa0192b751553021049e08e,5f317a5d4634da032b4d40a0,AWAITING REVIEW,2020-11-02 14:35:38.693000,2020-11-02 14:38:40.911000,182.218,18,54,0,100,,6AB555FF,New Zealand,United Kingdom,DATA EXPIRED,DATA EXPIRED,English,United Kingdom,Male,Yes
5fa019425c0a7301ab0a4aa9,5f9da7599932bc2fde07f6cf,AWAITING REVIEW,2020-11-02 14:35:50.961000,2020-11-02 14:39:14.886000,203.925,19,2,0,100,,6AB555FF,United Kingdom,United Kingdom,Other,,English,United Kingdom,Male,Yes
5fa019a3c216aa02036998c3,5f2ad259fcefd53b7e09cebf,AWAITING REVIEW,2020-11-02 14:37:46.232000,2020-11-02 14:42:10.240000,264.008,20,48,0,100,,6AB555FF,United Kingdom,,Part-Time,English,English,United Kingdom,Female,Yes
5fa019d7b4e5a202527232a5,5cdd993da7b516001928b4e7,AWAITING REVIEW,2020-11-02 14:38:17.422000,2020-11-02 14:39:47.942000,90.52,20,158,0,100,,6AB555FF,United Kingdom,United Kingdom,Unemployed (and job seeking),English,English,United Kingdom,Female,Yes
5fa019e162d6ca02000ddb95,5e9e1d11ac750d1e12b11187,AWAITING REVIEW,2020-11-02 14:38:40.100000,2020-11-02 14:41:23.828000,163.728,18,119,1,100,,6AB555FF,United Kingdom,United Kingdom,Other,English,English,United Kingdom,Female,Yes
5fa01a0af0ef2f02ae13026f,5dee55cbbc4b5c4f6bfe9468,AWAITING REVIEW,2020-11-02 14:39:08.587000,2020-11-02 14:42:00.163000,171.576,27,104,0,100,,6AB555FF,United Kingdom,United Kingdom,Full-Time,English,English,United Kingdom,Male,Yes
5fa01a35be7f720266d726e1,5e90781c06c6ee000974d087,AWAITING REVIEW,2020-11-02 14:39:57.851000,2020-11-02 14:41:52.811000,114.96,19,120,1,100,,6AB555FF,United Kingdom,United Kingdom,Other,English,English,United Kingdom,Female,Yes
5fa01a49b97f0f0204df2185,5d7807b537d04e00181e9639,AWAITING REVIEW,2020-11-02 14:40:11.497000,2020-11-02 14:41:51.012000,99.515,20,280,3,99,,6AB555FF,United Kingdom,United Kingdom,Unemployed (and job seeking),English,English,United Kingdom,Female,Yes
5fa01a51f09b1d0259cf7530,5ea572bedfd09255284a08e1,AWAITING REVIEW,2020-11-02 14:40:25.188000,2020-11-02 14:43:54.910000,209.722,19,21,0,100,,6AB555FF,Spain,United Kingdom,Other,Italian,"English, Catalan, Italian, Spanish",Spain,Male,Yes
5fa01a5a1b96e90253e97e41,5f70c0bd2a4dc00b10108ddc,AWAITING REVIEW,2020-11-02 14:40:26.349000,2020-11-02 14:44:27.729000,241.38,20,12,0,100,,6AB555FF,United Kingdom,United Kingdom,"Not in paid work (e.g. homemaker', 'retired or disabled)",,English,United Kingdom,Male,Yes
5fa01a77e96b050201e9371b,5ec875255c6a2700081554ac,AWAITING REVIEW,2020-11-02 14:40:55.224000,2020-11-02 14:43:51.695000,176.471,19,146,0,101,,6AB555FF,United Kingdom,United Kingdom,Unemployed (and job seeking),English,"English, Hindi",United Kingdom,Male,Yes
5fa01a7f987fe10259fac6ac,5f1475dc10e53a053e1fda1e,AWAITING REVIEW,2020-11-02 14:41:07.385000,2020-11-02 14:42:51.468000,104.083,19,21,0,100,,6AB555FF,United Kingdom,United Kingdom,Unemployed (and job seeking),English,English,United Kingdom,Female,Yes
5fa01a86ea646801b2271101,5ec665a1191e78021cd99df5,AWAITING REVIEW,2020-11-02 14:41:14.295000,2020-11-02 14:43:49.990000,155.695,25,56,0,101,,6AB555FF,Netherlands,United Kingdom,Full-Time,Dutch,"Dutch, English",Netherlands,Female,Yes
5fa01a91a8844801ae7af58d,5efe403c122196324c8de118,AWAITING REVIEW,2020-11-02 14:41:36.298000,2020-11-02 14:44:01.003000,144.705,20,49,0,100,,6AB555FF,United Kingdom,United Kingdom,Other,English,English,United Kingdom,Female,Yes
5fa01a9abebde102f751f539,5f233ef24281050e715ca769,AWAITING REVIEW,2020-11-02 14:41:59.019000,2020-11-02 14:44:40.816000,161.797,22,42,0,100,,6AB555FF,United Kingdom,United Kingdom,Other,English,English,United Kingdom,Male,Yes
5fa01a9c301594025a0e5cbd,5f4199ecedf13a359c9e7e97,AWAITING REVIEW,2020-11-02 14:41:32.735000,2020-11-02 14:51:11.566000,578.831,18,55,0,100,,6AB555FF,United Kingdom,United Kingdom,Other,DATA EXPIRED,English,United Kingdom,Male,Yes
5fa01a9f94dd590260d4e4a6,5f3d49b787fe930ad9a39a59,AWAITING REVIEW,2020-11-02 14:41:35.194000,2020-11-02 14:43:55.986000,140.792,19,4,0,100,,6AB555FF,Philippines,United Kingdom,Part-Time,,English,United Kingdom,Female,Yes
5fa01aa530ddb2020b099828,5f4f5d8a9468440009ed7a67,AWAITING REVIEW,2020-11-02 14:41:41.850000,2020-11-02 14:55:09.465000,807.615,19,26,0,100,,6AB555FF,Poland,United Kingdom,Full-Time,,"Polish, English",Poland,Male,Yes
5fa01aa77ec6eb0206c7f857,5eda72f857f96266db9ffbc5,AWAITING REVIEW,2020-11-02 14:41:45.455000,2020-11-02 14:45:09.369000,203.914,19,47,0,100,,6AB555FF,United Kingdom,United Kingdom,Part-Time,English,English,United Kingdom,Female,Yes
5fa01adbe56ac802aaf30d44,5f6b3ba9c6e2f22337d854bc,AWAITING REVIEW,2020-11-02 14:42:38.602000,2020-11-02 14:45:32.082000,173.48,24,22,0,100,,6AB555FF,United Kingdom,United Kingdom,Full-Time,DATA EXPIRED,English,United Kingdom,Female,Yes
5fa01ae5da74d5030bf8c476,5f2b247cb986da52666bc94f,AWAITING REVIEW,2020-11-02 14:42:55.087000,2020-11-02 14:45:57.822000,182.735,27,30,0,100,,6AB555FF,United Kingdom,United Kingdom,Full-Time,English,English,United Kingdom,Female,Yes
5fa01ae88d78c301fdbefa2f,5e3cb8b34a4f380aa4e72538,AWAITING REVIEW,2020-11-02 14:43:00.268000,2020-11-02 14:44:51.830000,111.562,19,163,1,100,,6AB555FF,United Kingdom,United Kingdom,"Not in paid work (e.g. homemaker', 'retired or disabled)",English,English,United Kingdom,Male,Yes
5fa01aed1b272602b693269c,5ef1162af9461b37e8147ead,AWAITING REVIEW,2020-11-02 14:42:53.568000,2020-11-02 14:49:21.110000,387.542,24,71,0,100,,6AB555FF,United Kingdom,United Kingdom,Part-Time,English,"Arabic, Bengali, English, French, Urdu, Spanish, Polish",United Kingdom,Male,Yes
5fa01aee66822e01b14b3e42,5d26311d948902000131c225,AWAITING REVIEW,2020-11-02 14:43:00.487000,2020-11-02 14:45:26.658000,146.171,30,207,2,99,,6AB555FF,Spain,United Kingdom,Part-Time,Spanish,"Spanish, English, Catalan, Portuguese",Spain,Male,Yes
5fa01aefa31c0301fecb21c5,5f97d644018e770008790f06,AWAITING REVIEW,2020-11-02 14:44:55.692000,2020-11-02 14:47:35.726000,160.034,28,5,0,100,,6AB555FF,United Kingdom,United Kingdom,Full-Time,,English,United Kingdom,Male,Yes
5fa01aef740e210102c40152,5b8bbd437073290001839123,AWAITING REVIEW,2020-11-02 14:43:01.557000,2020-11-02 14:46:12.351000,190.794,20,323,1,100,,6AB555FF,United Kingdom,United Kingdom,"Not in paid work (e.g. homemaker', 'retired or disabled)",English,English,United Kingdom,Female,Yes
5fa01afd71429e02b48134d1,5d7e41fbdae2e70018884408,AWAITING REVIEW,2020-11-02 14:43:12.489000,2020-11-02 14:45:40.622000,148.133,19,5,0,100,,6AB555FF,Italy,United Kingdom,Unemployed (and job seeking),,"English, Italian",Italy,Female,Yes
5fa01b032fe0f5025a34dec0,5ecc51493457af81cdd2ee05,AWAITING REVIEW,2020-11-02 14:43:18.282000,2020-11-02 14:45:58.744000,160.462,21,104,1,100,,6AB555FF,United Kingdom,United Kingdom,Part-Time,English,"English, Hindi, Urdu",United Kingdom,Female,Yes
5fa01b091b272602b693269f,5eff7df90aede705593e92d7,AWAITING REVIEW,2020-11-02 14:43:25.983000,2020-11-02 14:46:21.490000,175.507,19,57,0,101,,6AB555FF,United Kingdom,United Kingdom,Unemployed (and job seeking),English,English,United Kingdom,Male,Yes
